,xPosMin,xPosMax,xPosMean,xPosStd,xPosMedian,yPosMin,yPosMax,yPosMean,yPosStd,yPosMedian,xVelMin,xVelMax,xVelMean,xVelStd,xVelMedian,yVelMin,yVelMax,yVelMean,yVelStd,yVelMedian,xAMin,xAMax,xAMean,xAStd,xAMedian,yAMin,yAMax,yAMean,yAStd,yAMedian,xSMin,xSMax,xSMean,xSStd,xSMedian,ySMin,ySMax,ySMean,ySStd,ySMedian,xCMin,xCMax,xCMean,xCStd,xCMedian,yCMin,yCMax,yCMean,yCStd,yCMedian,nACMin,nACMax,nACMean,nACStd,nACMedian,nSMin,nSMax,nSMean,nSStd,nSMedian
0,22.58038324129575,29.351182625329784,-18.73381866771204,-18.75373310667576,-2.495456656681239,-2.495098568858695,-3.68536961913368,-3.6598425617614305,0.0,0.0,0,0,2995.265266693239,2995.411345735791,18.330896920499168,17.543601357362995,2.499814729964935,2.4995520740728927,3.6426086662047563,3.413865469709128,0.0,0.0,4,1,1505.6942147665402,1509.6007855343105,-0.3056560703370124,-0.11989299897736974,0.03645809848845366,0.2089193234735293,0.06043095433249389,-0.012947764070727293,0.0,0.0,0.66,0.08666666666666667,844.7246164832999,831.9067707859409,8.225045870406676,8.592027683576717,1.213651266624339,1.0521759008621638,0.7543041691223958,0.8037136776294184,0.0,0.0,0.9439632761218343,0.28134597128012256,1550.2660827935931,1531.4901108832064,-0.4961287634307744,-0.00304559169758184,0.0,0.0,0.0,0.0,0.0,0.0,0.0,0.0
1,21.62051485238888,29.351182625329784,-18.73381866771204,-19.309259525898955,-2.4999647902309188,-2.495098568858695,-3.737581790847453,-3.7498202637118503,0.0,0.0,0,0,2995.265266693239,2995.411345735791,18.330896920499168,18.589050513458147,2.499814729964935,2.4995520740728927,3.7380261265928727,3.7423587269972876,0.0,0.0,6,2,1505.4810204773803,1509.6654513137082,-0.36602232432809184,0.004719279909083282,-0.06257085763676144,0.24912398142583622,0.05064913005615599,-0.026525922837982142,0.0,0.0,1.33,0.15,844.8728395320591,830.9045248938817,8.004058151822534,8.571241386267626,1.4330841530342862,1.3482551464671448,1.035994124955801,0.9194140602031343,0.0,0.0,1.3519492100913653,0.3926406329796582,1552.8301882937847,1531.4901108832064,-0.4961287634307744,0.06417103450450234,0.0,0.0,0.0,0.0,0.0,0.0,1.0,0.0
2,16.33364192794153,29.351182625329784,-18.73381866771204,-19.539137875280232,-2.4999647902309188,-2.495098568858695,-3.7493515969517226,-3.7498202637118503,0.0,0.0,0,0,2995.6730094570385,2995.411345735791,18.330896920499168,19.39487251458659,2.499814729964935,2.499985534201292,3.7483080125889665,3.7423587269972876,0.0,0.0,6,2,1505.2022843600084,1509.8168582854048,-0.45168623720413403,0.13299789850314758,-0.12251374135479169,0.2873130579561097,0.04561261477373795,-0.05278836914882239,0.0,0.0,1.5622222222222222,0.16444444444444445,845.070232307315,829.789756307507,7.9700284123160525,8.703775461102314,1.493135370500971,1.428418604741237,1.1107793828504193,0.9363453391757696,0.0,0.0,1.4085120421350705,0.4050544849800693,1552.8301882937847,1531.4901108832064,-0.4961287634307744,0.5222285637977886,0.0,0.0,0.0,0.0,0.0,0.0,1.0,0.0
3,1.3877378835981027,22.140957397621506,-18.73381866771204,-19.964846137179205,-2.4999647902309188,-2.4990359082955322,-3.7493515969517226,-3.7498202637118503,0.0,0.0,0,0,2999.552876553836,2995.411345735791,19.72882439064994,19.787274694477592,2.499814729964935,2.499985534201292,3.7483080125889665,3.7423587269972876,0.0,0.0,6,2,1504.8713954929722,1510.0480290407875,-0.5302854862534851,0.25521569341203515,-0.13594524666503147,0.3075745437592618,0.04250210911791136,-0.07360254154194087,0.0,0.0,1.6833333333333333,0.16666666666666666,845.2891316187813,828.5649820710796,8.067101947191832,8.914561031867578,1.5136084771328449,1.467028386973532,1.1568058674802324,0.9145145821793853,0.0,0.0,1.4293549438664825,0.3986086914367133,1551.74155915862,1529.466477299523,-0.5944197962681571,0.8536599665792601,0.0,0.0,0.0,0.0,0.0,0.0,2.0,0.0
4,1.3877378835981027,11.504956469243579,-18.73381866771204,-19.964846137179205,-2.4999647902309188,-2.4993623013557458,-3.7493515969517226,-3.7498202637118503,0.0,0.0,0,0,2999.552876553836,2995.411345735791,19.881599987180564,19.923489485216685,2.499814729964935,2.499985534201292,3.748780274548869,3.7423587269972876,0.0,0.0,6,2,1504.524370994776,1510.3459516607425,-0.5727195669773624,0.3633927214549769,-0.12219028442671512,0.31525865254681806,0.05395616129105781,-0.09303784343365652,0.0,0.0,1.764,0.16133333333333333,845.4499553691857,827.218957018363,8.238295155425782,9.183463976582987,1.5158498599208408,1.4925078313719788,1.156204540579738,0.8873666876383692,0.0,0.0,1.4344466993699465,0.38897929107972945,1549.1774536584285,1522.9116353620848,-0.6765677836029216,1.0671191699663574,0.0,0.0,0.0,0.0,0.0,0.0,2.0,0.0
5,1.3877378835981027,0.36178686380423564,-18.73381866771204,-19.964846137179205,-2.4999647902309188,-2.499504648862787,-3.7493515969517226,-3.7498202637118503,0.0,0.0,0,0,2999.552876553836,2997.344716882483,19.99742140667419,19.97394367007747,2.499814729964935,2.499985534201292,3.748780274548869,3.7423587269972876,0.0,0.0,6,2,1504.1607810881908,1514.0426020383609,-0.609506546935401,0.4675292321941913,-0.1260800220103322,0.3080658975631758,0.06176428254413824,-0.09084663781320633,0.0,0.0,1.8266666666666667,0.15555555555555556,845.5986644410781,825.6948322609343,8.412208580944851,9.474570137754407,1.51580546731989,1.5089755073642648,1.1389923603816068,0.8681184263721639,0.0,0.0,1.4364152912333148,0.380383172636082,1546.725979385712,1567.717472066,-0.9093043450306153,1.1737266987980188,0.0,0.0,0.0,0.0,0.0,0.0,2.0,0.0
6,1.3877378835981027,0.36178686380423564,-19.16731046439793,-19.964846137179205,-2.4999647902309188,-2.4999942219476776,-3.7493515969517226,-3.7498202637118503,0.0,0.0,0,0,2999.552876553836,2997.344716882483,19.99742140667419,19.97394367007747,2.499814729964935,2.499985735944229,3.748780274548869,3.7423587269972876,0.0,0.0,6,2,1500.922920743836,1519.7194147936816,-0.6434445941672869,0.5799446846167385,-0.12531054985858348,0.31242800736344223,0.06252114019713027,-0.08820783996893143,0.0,0.0,1.880952380952381,0.1523809523809524,845.7626750281041,823.910929170197,8.576329554597413,9.789666671829861,1.501994620293876,1.5180677019915925,1.1247622833376651,0.8582920985347101,0.0,0.0,1.4455577429520472,0.377484213002027,1540.9194710611846,1584.0218651371408,-0.9665708740996775,1.3909731133942285,0.0,0.0,0.0,0.0,0.0,0.0,2.0,0.0
7,1.3877378835981027,0.36178686380423564,-19.35552095577668,-19.97434477661713,-2.4999647902309188,-2.4999942219476776,-3.7493515969517226,-3.7498202637118503,0.0,0.0,0,0,2999.552876553836,2997.344716882483,19.99742140667419,19.97394367007747,2.499814729964935,2.499985735944229,3.748780274548869,3.7423587269972876,0.0,0.0,7,2,1493.3868887695628,1524.1759868223062,-0.6706507359031981,0.7064140611737912,-0.12049013001871081,0.32112958841304484,0.06387701847952612,-0.08278241213537238,0.0,0.0,1.9241666666666666,0.14833333333333334,845.8318089512768,821.9615817280061,8.72756062248813,10.118387812320117,1.4875351674097848,1.5185334296200546,1.088315197679201,0.868415674530132,0.0,0.0,1.4623323740594074,0.3737163214108917,1519.146965195079,1587.3564779146827,-1.0884304412603079,1.4964041218812294,0.0,0.0,0.0,0.0,0.0,0.0,2.0,0.0
8,1.3877378835981027,0.36178686380423564,-19.53870348594035,-19.999742773572883,-2.4999647902309188,-2.4999942219476776,-3.7493515969517226,-3.7498202637118503,0.0,0.0,0,0,2999.552876553836,2997.344716882483,19.99742140667419,19.97394367007747,2.499814729964935,2.499996632961979,3.748780274548869,3.7423587269972876,0.0,0.0,9,2,1487.4189579857457,1527.857250286644,-0.7027065690743161,0.842964385339781,-0.11668265486476243,0.3104201458621106,0.05546438834230009,-0.06037073566034179,0.0,0.0,1.9762962962962962,0.14,845.7932993949388,819.8845609217788,8.875928970410792,10.42991329927806,1.4767635603864262,1.5085336585564502,1.0466298066310415,0.8614152503709288,0.0,0.0,1.492013673227358,0.36366447702772925,1504.193763654669,1587.3564779146827,-1.142459934728579,1.8834735500703497,0.0,0.0,0.0,0.0,0.0,0.0,2.0,0.0
9,1.3877378835981027,0.36178686380423564,-19.913365780029213,-19.999928565301293,-2.499995858318083,-2.4999942219476776,-3.7493515969517226,-3.7498202637118503,0.0,0.0,0,0,2999.552876553836,2997.344716882483,19.99742140667419,19.97394367007747,2.499814729964935,2.499996632961979,3.748780274548869,3.7423587269972876,0.0,0.0,9,2,1482.5380252138934,1531.0317924008561,-0.7390240569652615,0.9881992895477767,-0.11888494668150221,0.3043437211959844,0.05274257854110191,-0.04256363500474586,0.0,0.0,2.022,0.138,845.7016258970791,817.7069597142619,9.013751953659341,10.722934932331578,1.4594593725431464,1.4982322246475126,1.0239200564888562,0.8591805357131618,0.0,0.0,1.5188315684542948,0.3655443429553611,1496.292955807098,1587.3564779146827,-1.1971878966024647,2.1090658920042737,0.0,0.0,0.0,0.0,0.0,0.0,2.0,0.0
10,1.3877378835981027,0.36178686380423564,-19.970380297894373,-19.999928565301293,-2.499995858318083,-2.4999942219476776,-3.7499023877397875,-3.7498202637118503,0.0,0.0,0,0,2999.552876553836,2997.344716882483,19.99742140667419,19.97394367007747,2.499814729964935,2.499996632961979,3.748780274548869,3.7431549811344493,0.0,0.0,9,2,1478.439268972261,1532.050786933704,-0.777105843722015,1.1381867026268964,-0.12063133788488344,0.30079915197023543,0.052134433820357755,-0.03165840034198604,0.0,0.0,2.0745454545454547,0.13515151515151516,845.5958546853908,815.5118952899476,9.132995138431161,11.003082037911474,1.4455338508520559,1.4934641323188451,1.0074395076965068,0.851013164285031,0.0,0.0,1.562405082516464,0.3642020851963106,1491.7030834057612,1579.227587926703,-1.2278165001856354,2.3635409561510574,0.0,0.0,0.0,0.0,0.0,0.0,2.0,0.0
11,1.3877378835981027,0.36178686380423564,-19.970380297894373,-19.999928565301293,-2.499995858318083,-2.4999942219476776,-3.7499023877397875,-3.7498202637118503,0.0,0.0,0,0,2999.552876553836,2997.344716882483,19.99742140667419,19.97394367007747,2.499814729964935,2.499996632961979,3.748780274548869,3.7431549811344493,0.0,0.0,11,2,1474.9199268786604,1533.1522376328953,-0.8160589156518792,1.295626399225782,-0.12208741811957118,0.3054681880709827,0.05202212490406015,-0.026208262263325403,0.0,0.0,2.1305555555555555,0.13444444444444445,845.5006502983327,813.2389281613338,9.24687608056492,11.262201947840493,1.4307307970685788,1.4861199285650704,0.9984558208585409,0.8485013351582894,0.0,0.0,1.6190394004615556,0.3662607180414614,1485.9177737419914,1578.8733910295373,-1.1708998340255343,2.7550420909354973,0.0,0.0,0.0,0.0,0.0,0.0,2.0,0.0
12,1.3877378835981027,0.36178686380423564,-19.970380297894373,-19.999940759478108,-2.499995858318083,-2.4999942219476776,-3.7499023877397875,-3.7498202637118503,0.0,0.0,0,0,2999.552876553836,2997.344716882483,19.99742140667419,19.99612056594061,2.4999353787556267,2.4999996293953046,3.7498495415150863,3.7431549811344493,0.0,0.0,11,3,1471.8426918064865,1535.884112461298,-0.8526153766519696,1.4573793745262416,-0.11806988945828158,0.3110754230234975,0.049798064815296826,-0.024762259484257643,0.0,0.0,2.1917948717948716,0.13538461538461538,845.4317727739062,810.8336032880762,9.354245217434142,11.503400160128828,1.4193967723416154,1.4748951836218458,0.9900025709095976,0.8455008001392355,0.0,0.0,1.6943751163321232,0.37502715220570193,1478.7278532322766,1582.7987853559175,-1.1905706883613631,3.035482633753266,0.0,0.0,0.0,0.0,0.0,0.0,2.0,0.0
13,1.3877378835981027,0.36178686380423564,-19.970380297894373,-19.999940759478108,-2.499995858318083,-2.4999984274200053,-3.7499062332177173,-3.7498202637118503,0.0,0.0,0,0,2999.552876553836,2997.344716882483,19.99742140667419,19.99612056594061,2.4999353787556267,2.4999996293953046,3.7498495415150863,3.7431549811344493,0.0,0.0,11,3,1469.106115904667,1538.481610001781,-0.890660118276269,1.6091713924840214,-0.11270091782270053,0.3038024277755546,0.04254302490887688,-0.024679100504205517,0.0,0.0,2.2547619047619047,0.1376190476190476,845.3873152863434,808.3802322172104,9.438966780917296,11.715427059772503,1.4055091840797593,1.4596515176148557,0.9835797236557671,0.8440471469181762,0.0,0.0,1.7691405474534778,0.38743853290560215,1469.0952290634932,1590.530924351355,-1.2688058474432995,3.3906197547037786,0.0,0.0,0.0,0.0,0.0,0.0,2.0,0.0
14,1.3877378835981027,0.36178686380423564,-19.970380297894373,-19.999940759478108,-2.499995858318083,-2.4999984274200053,-3.7499062332177173,-3.7498202637118503,0.0,0.0,0,0,2999.552876553836,2998.5131116731627,19.99742140667419,19.99631182634772,2.4999353787556267,2.4999996293953046,3.7498495415150863,3.749706958135767,0.0,0.0,12,3,1466.6376409143525,1542.3161703905298,-0.9280586524617951,1.7519558199815775,-0.10748748673981504,0.2915958747215196,0.037580361909113146,-0.019849424000780328,0.0,0.0,2.3124444444444445,0.14133333333333334,845.3635581548995,805.8376980335105,9.514686548509133,11.892214398065304,1.3945455629492471,1.4439040951136197,0.9840519082695689,0.8479956909213722,0.0,0.0,1.8339213063882243,0.4005862370742826,1463.0804034027742,1595.049186016804,-1.2867009618274519,3.415181936637823,0.0,0.0,0.0,0.0,0.0,0.0,2.0,0.0
15,1.3877378835981027,0.36178686380423564,-19.970380297894373,-19.999940759478108,-2.499995858318083,-2.4999984274200053,-3.7499062332177173,-3.7498202637118503,0.0,0.0,0,0,2999.819966634981,2998.5131116731627,19.99742140667419,19.999971280707413,2.4999353787556267,2.4999996293953046,3.7498495415150863,3.749706958135767,0.0,0.0,14,3,1463.1341551376293,1545.915261809712,-0.9636251468807399,1.8863096602598293,-0.10104153920523795,0.2842279672300199,0.03265428454982499,-0.020031633133012323,0.0,0.0,2.3733333333333335,0.14625,845.2878010814385,803.2730755421649,9.589759970926938,12.043338445203853,1.3869136309547248,1.425889143893883,0.9856957322357883,0.8566513048935255,0.0,0.0,1.913928478868064,0.41415891173155583,1458.285199686551,1598.0134834008122,-1.3615388310554661,3.7557721666364077,0.0,0.0,0.0,0.0,0.0,0.0,2.0,0.0
16,1.1546455775201139,0.36178686380423564,-19.987991861795933,-19.999940759478108,-2.499995858318083,-2.4999984274200053,-3.7499062332177173,-3.7498202637118503,0.0,0.0,0,0,2999.819966634981,2998.5131116731627,19.99742140667419,19.999971280707413,2.4999353787556267,2.4999996293953046,3.7498495415150863,3.749706958135767,0.0,0.0,14,4,1458.7813849198656,1550.5004395741307,-0.9919299647785126,2.0083885453847845,-0.09562823133569529,0.2763106855558625,0.03434107421041194,-0.02412377462667135,0.0,0.0,2.430980392156863,0.15058823529411763,845.141758189042,800.6256274189622,9.666888328307207,12.185238763213123,1.3806288072200503,1.409332857582367,0.9803916950943494,0.8714290123959583,0.0,0.0,1.9851757021087537,0.429397260029003,1450.5707911476914,1603.4788842170783,-1.486680620039909,3.7602593522618157,0.0,0.0,0.0,0.0,0.0,0.0,2.0,0.0
17,1.1546455775201139,0.36178686380423564,-19.999493386316892,-19.999940759478108,-2.499995858318083,-2.4999984274200053,-3.7499062332177173,-3.7498202637118503,0.0,0.0,0,0,2999.9236409537516,2998.5131116731627,19.99742140667419,19.999971280707413,2.4999353787556267,2.4999996293953046,3.7498495415150863,3.749706958135767,0.0,0.0,14,4,1455.9534817281071,1554.8001213683533,-1.00670796492554,2.1207796298250985,-0.08602110720329588,0.27031392546950866,0.03933193548158434,-0.027353457197666384,0.0,0.0,2.485925925925926,0.15407407407407409,845.0405191236995,797.9736621343181,9.750398577643795,12.317300210396143,1.3728139205637206,1.3910440952057386,0.9768531921121587,0.8799451179907982,0.0,0.0,2.0526825434398424,0.4430137466244324,1442.6273140411754,1606.910483536827,-1.5794104826410376,3.9540791411500065,0.0,0.0,0.0,0.0,0.0,0.0,2.0,0.0
18,1.1546455775201139,0.36178686380423564,-19.99978464973602,-19.999940759478108,-2.499995858318083,-2.4999984274200053,-3.7499062332177173,-3.7498202637118503,0.0,0.0,0,0,2999.9236409537516,2998.5131116731627,19.999722037885558,19.999971280707413,2.4999353787556267,2.4999996293953046,3.7499465868392416,3.749706958135767,0.0,0.0,14,4,1453.3655134448447,1558.8637396112126,-1.0114624468818674,2.2256941815470666,-0.07012682631070366,0.26263041192818426,0.03437573260115669,-0.028103161415633716,0.0,0.0,2.533333333333333,0.15649122807017543,844.927444062113,795.3327903995806,9.829476260074813,12.437524955092924,1.3661368985499327,1.3711169759231192,0.9725157950857668,0.8811800509781839,0.0,0.0,2.103241719582928,0.4504208216653843,1433.800853212717,1609.8346640794132,-1.5794104826410376,4.25744327550137,0.0,0.0,0.0,0.0,0.0,0.0,2.0,0.0
19,1.1546455775201139,0.36178686380423564,-19.99978464973602,-19.999940759478108,-2.499995858318083,-2.4999984274200053,-3.7499062332177173,-3.7498202637118503,0.0,0.0,0,0,2999.9236409537516,2998.5131116731627,19.999722037885558,19.999971280707413,2.4999353787556267,2.4999996293953046,3.7499465868392416,3.749706958135767,0.0,0.0,14,4,1450.9851939155785,1562.7297404132541,-1.012037398868087,2.323153855937279,-0.06078200401355656,0.2532996849451246,0.030824537056492376,-0.0272398400301931,0.0,0.0,2.579,0.15733333333333333,844.8009294860196,792.7180553476878,9.907294169081984,12.54529956592329,1.3574400424706383,1.355352524449777,0.9684192978328066,0.8796841665569568,0.0,0.0,2.149362463615665,0.4552430364346304,1429.0973435444812,1610.8206575330807,-1.6341011193120865,4.478385340374237,0.0,0.0,0.0,0.0,0.0,0.0,2.0,0.0
20,1.1546455775201139,0.36178686380423564,-19.999999870714998,-19.999940759478108,-2.499995858318083,-2.4999984274200053,-3.7499062332177173,-3.7498202637118503,0.0,0.0,0,0,2999.9236409537516,2998.5131116731627,19.999722037885558,19.999971280707413,2.4999353787556267,2.4999996293953046,3.7499465868392416,3.749706958135767,0.0,0.0,14,4,1448.7719738307962,1566.4276307904631,-1.0234427953202863,2.412607609588487,-0.061684882084833255,0.23994171056575866,0.02227413491929182,-0.023346201588008934,0.0,0.0,2.6241269841269843,0.15746031746031747,844.6698469744767,790.1441293761109,9.98086694615654,12.645678187023579,1.347608245109296,1.3470263960123656,0.9680566396844081,0.8804254743319411,0.0,0.0,2.1874799844313384,0.45561738422304343,1423.8071238289835,1613.6013067541694,-1.6562869797293547,4.596470428249071,0.0,0.0,0.0,0.0,0.0,0.0,2.0,0.0
21,1.1546455775201139,0.36178686380423564,-19.999999870714998,-19.999940759478108,-2.499995858318083,-2.4999984274200053,-3.7499062332177173,-3.7498202637118503,0.0,0.0,0,0,2999.9236409537516,2998.5131116731627,19.999722037885558,19.999971280707413,2.4999353787556267,2.4999996293953046,3.7499465868392416,3.749706958135767,0.0,0.0,14,4,1446.685497624198,1569.9764006368257,-1.0513806159654682,2.489994948961535,-0.06735976824015469,0.2237197976549906,0.012318131013809812,-0.0205983088210064,0.0,0.0,2.666969696969697,0.15606060606060607,844.5461369528127,787.6195351739177,10.047382393400198,12.736742885534643,1.3402937343059431,1.3402150149379575,0.9660640844138653,0.875600628627768,0.0,0.0,2.218995110880605,0.4514719320376567,1420.0142636716162,1619.8426624508043,-1.6862434344834762,4.6643042361341625,0.0,0.0,0.0,0.0,0.0,0.0,2.0,0.0
22,1.1546455775201139,0.36178686380423564,-19.999999870714998,-19.999940759478108,-2.499995858318083,-2.4999984274200053,-3.749989456821158,-3.7498202637118503,0.0,0.0,0,0,2999.9236409537516,2998.5131116731627,19.999722037885558,19.999971280707413,2.4999353787556267,2.4999996293953046,3.7499465868392416,3.749706958135767,0.0,0.0,14,4,1444.6961424286085,1573.3870734246561,-1.089980117879712,2.552225922766858,-0.07289786673850465,0.20697267230388053,0.00716880146114593,-0.020978506728175996,0.0,0.0,2.708695652173913,0.15507246376811595,844.4337051041604,785.1465186221188,10.111191123580328,12.816060308452007,1.334853256180035,1.3348126693417846,0.9656528217163676,0.8716958782625261,0.0,0.0,2.247203681385662,0.44787298661596747,1417.9622891080287,1625.4875555756912,-1.6862434344834762,4.790201373577617,0.0,0.0,0.0,0.0,0.0,0.0,2.0,0.0
23,1.1546455775201139,0.36178686380423564,-19.999999870714998,-19.999940759478108,-2.499995858318083,-2.4999984274200053,-3.749989456821158,-3.7498202637118503,0.0,0.0,0,0,2999.9236409537516,2998.5131116731627,19.999722037885558,19.999971280707413,2.4999353787556267,2.4999996293953046,3.7499465868392416,3.749706958135767,0.0,0.0,14,4,1441.9482433465475,1575.8358411145898,-1.1355544324056588,2.601534143740849,-0.07815472246075346,0.1924447646975884,0.005059950199806301,-0.02163124730148414,0.0,0.0,2.7494444444444444,0.15305555555555556,844.2632688634577,782.797385639513,10.176711306938037,12.885135075006875,1.3303643216082204,1.3317744309399182,0.9565671766598335,0.8699454323962506,0.0,0.0,2.275228858384293,0.44367981100266224,1415.3248196257216,1634.3219800004408,-1.6892067534784427,4.811809781696389,0.0,0.0,0.0,0.0,0.0,0.0,2.0,0.0
24,1.1546455775201139,0.36178686380423564,-19.999999870714998,-19.999940759478108,-2.499995858318083,-2.4999984274200053,-3.749989456821158,-3.7498202637118503,0.0,0.0,0,0,2999.9236409537516,2998.5131116731627,19.999722037885558,19.999993238252554,2.4999353787556267,2.4999996293953046,3.7499465868392416,3.749784916715539,0.0,0.0,14,4,1439.3261207209437,1578.231743172061,-1.184187725217239,2.6405085607228354,-0.08275721177903987,0.18033168212653863,0.005881388014745805,-0.02264128180698849,0.0,0.0,2.787733333333333,0.1512,844.0940884270494,780.49068930948,10.246351681061876,12.943751166990964,1.3211980136634336,1.3278688715320555,0.9507370401572496,0.8679800906565295,0.0,0.0,2.301943279540619,0.43977861096995907,1412.1258199757656,1638.2989333457504,-1.7165514872714067,4.813802581055665,0.0,0.0,0.0,0.0,0.0,0.0,2.0,0.0
25,1.1546455775201139,0.36178686380423564,-19.99999992766549,-19.999940759478108,-2.499995858318083,-2.4999984274200053,-3.749989456821158,-3.7498202637118503,0.0,0.0,0,0,2999.9236409537516,2998.5131116731627,19.999722037885558,19.999993238252554,2.4999353787556267,2.4999996293953046,3.7499465868392416,3.749784916715539,0.0,0.0,14,4,1436.8058944055706,1580.574751424915,-1.2384474736781004,2.6703568928068853,-0.08987960908352415,0.16787068155442994,0.006618083636673701,-0.022277783207787033,0.0,0.0,2.8266666666666667,0.15025641025641026,843.9286029691185,778.2267306195679,10.318562715393933,12.993999657043918,1.311562924305808,1.325001212780465,0.9443922349913622,0.8697827697903675,0.0,0.0,2.3270332530249243,0.43734330339335387,1410.1044280593342,1642.2913234264943,-1.7400090371443733,4.811809781696389,0.0,0.0,0.0,0.0,0.0,0.0,2.0,0.0
26,1.1546455775201139,0.36178686380423564,-19.99999992766549,-19.999940759478108,-2.499995858318083,-2.4999984274200053,-3.749989456821158,-3.7498202637118503,0.0,0.0,0,0,2999.9236409537516,2998.5131116731627,19.999722037885558,19.999993238252554,2.4999353787556267,2.4999996293953046,3.7499465868392416,3.749784916715539,0.0,0.0,14,4,1433.6251706007954,1582.8651020009622,-1.2990192281568627,2.6923532757372093,-0.09817478197225261,0.1559963159850266,0.00804651847475265,-0.0218596002792036,0.0,0.0,2.8646913580246913,0.14839506172839506,843.696854619891,776.0043009648011,10.395494665907792,13.033952593966118,1.3006407453014286,1.3234216478990275,0.9347442704686807,0.8709231734969868,0.0,0.0,2.350405841719577,0.4342766279748924,1405.6000769365905,1645.7946564023496,-1.7451952196487128,4.811809781696389,0.0,0.0,0.0,0.0,0.0,0.0,3.0,0.0
27,1.1546455775201139,0.36178686380423564,-19.99999992766549,-19.999940759478108,-2.499995858318083,-2.4999984274200053,-3.749989456821158,-3.7498202637118503,0.0,0.0,0,0,2999.9236409537516,2998.5131116731627,19.999722037885558,19.999993238252554,2.4999353787556267,2.4999996293953046,3.7499465868392416,3.749784916715539,0.0,0.0,14,4,1430.5623427260869,1585.8200785205868,-1.3619243117113788,2.710134500613044,-0.10425635073508166,0.14747781369767224,0.010700127704593804,-0.02074588301245523,0.0,0.0,2.902142857142857,0.14714285714285713,843.4638127065512,773.7395852762331,10.476226952006028,13.065315357958255,1.2914995906299251,1.3204079283947798,0.9231689014689903,0.8672290713475869,0.0,0.0,2.3729016150759246,0.4328932878198226,1404.2476797341528,1648.893784647988,-1.7605613544766359,4.811809781696389,0.0,0.0,0.0,0.0,0.0,0.0,3.0,0.0
28,1.1546455775201139,0.36178686380423564,-19.99999992766549,-19.999940759478108,-2.499995858318083,-2.4999984274200053,-3.749989456821158,-3.7498202637118503,0.0,0.0,0,0,2999.9236409537516,2998.5131116731627,19.999722037885558,19.999993238252554,2.4999353787556267,2.4999996293953046,3.7499465868392416,3.749784916715539,0.0,0.0,14,4,1428.2901775944424,1588.68229743183,-1.4251833423614033,2.72771546252943,-0.10622288857954611,0.14165781607058645,0.011214269091380165,-0.018270914858255775,0.0,0.0,2.9379310344827587,0.14620689655172414,843.2938733826467,771.5075983161455,10.558841486882523,13.088423038125558,1.2820093795381888,1.315916824236676,0.9164459567398766,0.866809462256773,0.0,0.0,2.3946895932703516,0.4312538292465284,1402.6472755311863,1653.7525899941388,-1.8493308285899692,4.811809781696389,0.0,0.0,0.0,0.0,0.0,0.0,3.0,0.0
29,1.1546455775201139,0.36178686380423564,-19.99999992766549,-19.999940759478108,-2.499995858318083,-2.4999984274200053,-3.749989456821158,-3.7498202637118503,0.0,0.0,0,0,2999.9236409537516,2998.5131116731627,19.999722037885558,19.999993238252554,2.4999353787556267,2.4999996293953046,3.7499465868392416,3.749784916715539,0.0,0.0,14,4,1425.3934401303943,1591.462196314841,-1.4870605721290742,2.745286179628976,-0.10799066671405103,0.13668232195602292,0.013323674137103655,-0.016212444878998554,0.0,0.0,2.9744444444444444,0.14555555555555555,843.0535450081239,769.3126986951027,10.639692540037418,13.104222746831418,1.2724442724465046,1.3118983647942957,0.90863652200824,0.8633853281330897,0.0,0.0,2.41688785705507,0.4309320934158913,1399.009199738268,1659.6666602052005,-1.8779940521576357,4.811809781696389,0.0,0.0,0.0,0.0,0.0,0.0,3.0,0.0
30,1.1546455775201139,0.36178686380423564,-19.99999992766549,-19.999940759478108,-2.499995858318083,-2.4999984274200053,-3.749989456821158,-3.7498202637118503,0.0,0.0,0,0,2999.9236409537516,2998.5131116731627,19.999722037885558,19.999993238252554,2.4999353787556267,2.4999996293953046,3.7499465868392416,3.749784916715539,0.0,0.0,14,4,1421.925093253701,1594.1710297315335,-1.5524252865796555,2.765011409645805,-0.11327030818323795,0.1341581282982142,0.014106281114045707,-0.014239611148190745,0.0,0.0,3.010752688172043,0.14473118279569894,842.723737661881,767.1617650160791,10.719491707625835,13.113256690035476,1.26386168361377,1.3067494467534566,0.9043432280388797,0.8615187096200402,0.0,0.0,2.4374083877172246,0.4294522427611474,1397.5211566516446,1662.5240046469962,-1.9286232370860112,4.811809781696389,0.0,0.0,0.0,0.0,0.0,0.0,3.0,0.0
31,1.1546455775201139,0.36178686380423564,-19.99999992766549,-19.999940759478108,-2.499995858318083,-2.4999984274200053,-3.749989456821158,-3.7498202637118503,0.0,0.0,0,0,2999.9236409537516,2998.5131116731627,19.999722037885558,19.999993238252554,2.4999353787556267,2.4999996293953046,3.7499465868392416,3.749784916715539,0.0,0.0,14,4,1418.555740805238,1596.8203628493006,-1.6216892479375262,2.7884065927122887,-0.11745955037397442,0.1347816130704592,0.013416805859008332,-0.013736140264919724,0.0,0.0,3.0483333333333333,0.14395833333333333,842.3589819131837,765.0598969677286,10.798506748953832,13.115777093714112,1.2577860981824247,1.304667489222132,0.9012556595390525,0.8597875114180358,0.0,0.0,2.4578440190993045,0.42757182429453366,1392.7215513047345,1666.3344820233328,-1.9965894965256297,4.811809781696389,0.0,0.0,0.0,0.0,0.0,0.0,3.0,0.0
32,1.1546455775201139,0.36178686380423564,-19.99999992766549,-19.999940759478108,-2.499995858318083,-2.4999984274200053,-3.749989456821158,-3.7498202637118503,0.0,0.0,0,0,2999.9236409537516,2998.5131116731627,19.999722037885558,19.999993238252554,2.4999353787556267,2.4999996293953046,3.7499465868392416,3.749784916715539,0.0,0.0,14,4,1415.275707094945,1599.4234460021235,-1.6874315900399977,2.8182251017929767,-0.11761226580875332,0.13565250775349622,0.016041112523072498,-0.010207561404467783,0.0,0.0,3.082222222222222,0.14383838383838385,841.957473745725,763.0110217403183,10.874660838855366,13.113896930572293,1.2516119131043146,1.3005257219445383,0.8984248970765517,0.8585362852336409,0.0,0.0,2.47270087296926,0.42819495953965386,1391.103399188617,1670.9510048396141,-2.105250249908033,4.811809781696389,0.0,0.0,0.0,0.0,0.0,0.0,3.0,0.0
33,1.1546455775201139,0.36178686380423564,-19.99999992766549,-19.999940759478108,-2.499995858318083,-2.4999984274200053,-3.749989456821158,-3.7498202637118503,0.0,0.0,0,0,2999.9236409537516,2998.5131116731627,19.999722037885558,19.999993238252554,2.499999924071565,2.4999996293953046,3.7499465868392416,3.749784916715539,0.0,0.0,14,4,1411.4889482298458,1601.9863471314504,-1.7492342692734286,2.84827664311636,-0.11583420316115878,0.134574598753295,0.017244934605590186,-0.010760766040784846,0.0,0.0,3.1176470588235294,0.14392156862745098,841.4569924994745,761.0160789158577,10.944650705881491,13.109145531547751,1.248257691783992,1.2960347306859792,0.8962716593944777,0.8608301863016228,0.0,0.0,2.4905079316849137,0.4275698701364723,1389.2896609881232,1673.3141243494306,-2.1660674126573025,4.811809781696389,0.0,0.0,0.0,0.0,0.0,0.0,3.0,0.0
34,1.1546455775201139,0.36178686380423564,-19.99999992766549,-19.999940759478108,-2.499995858318083,-2.4999984274200053,-3.749989456821158,-3.7498202637118503,0.0,0.0,0,0,2999.9236409537516,2998.5131116731627,19.999722037885558,19.999993238252554,2.499999924071565,2.4999996293953046,3.7499465868392416,3.749784916715539,0.0,0.0,14,4,1407.8124293113099,1604.5136739678185,-1.8054024215940625,2.8777745106010038,-0.11401693737004719,0.13395757215750537,0.020407675226949494,-0.012411999433021969,0.0,0.0,3.1525714285714286,0.1443809523809524,840.9031391560058,759.0752068481424,11.011483773375845,13.101020500259272,1.2446719959243262,1.291219345422337,0.8946103940442833,0.8633860442628974,0.0,0.0,2.508681698411653,0.42774252114922245,1387.6951088375681,1675.5410650482515,-2.222296588773165,4.811809781696389,0.0,0.0,0.0,0.0,0.0,0.0,3.0,0.0
35,1.1546455775201139,0.36178686380423564,-19.99999992766549,-19.999940759478108,-2.499995858318083,-2.4999984274200053,-3.749989456821158,-3.7498202637118503,0.0,0.0,0,0,2999.9236409537516,2998.5131116731627,19.999722037885558,19.999993238252554,2.499999924071565,2.4999996293953046,3.7499465868392416,3.749784916715539,0.0,0.0,14,4,1404.7958176108646,1607.010863131442,-1.8551517428221178,2.9081057034719557,-0.11005039392498138,0.13331375277989377,0.02236224411219876,-0.012623617901811494,0.0,0.0,3.187222222222222,0.14537037037037037,840.3605579312261,757.1883965055295,11.072748201257616,13.092326297889382,1.2418281324418419,1.2869214382623535,0.8953284476963929,0.8674065269804292,0.0,0.0,2.5279811273518074,0.42836559741418423,1384.6364131280745,1679.4819267800926,-2.304607494484711,4.811809781696389,0.0,0.0,0.0,0.0,0.0,0.0,3.0,0.0
36,1.1546455775201139,0.36178686380423564,-19.99999992766549,-19.999940759478108,-2.499995858318083,-2.4999984274200053,-3.749989456821158,-3.7498202637118503,0.0,0.0,0,0,2999.9236409537516,2998.5131116731627,19.999722037885558,19.999993238252554,2.499999924071565,2.4999996293953046,3.7499465868392416,3.749784916715539,0.0,0.0,14,4,1401.8499929824602,1609.478078349971,-1.8972855264045048,2.9345175049654686,-0.10568521103232645,0.1314816557884906,0.025327485303615352,-0.016251807216464787,0.0,0.0,3.222882882882883,0.14666666666666667,839.7602598431655,755.3545187757452,11.129659543416068,13.086270695049427,1.2405403261467436,1.2839361908823854,0.8982636985999177,0.872011560563927,0.0,0.0,2.5494494680003337,0.42966849432442106,1381.4743091872667,1683.287450410849,-2.3391720956088884,4.811809781696389,0.0,0.0,0.0,0.0,0.0,0.0,3.0,0.0
37,1.1546455775201139,0.36178686380423564,-19.99999992766549,-19.999940759478108,-2.499995858318083,-2.4999984274200053,-3.749989456821158,-3.7498202637118503,0.0,0.0,0,0,2999.9236409537516,2998.5131116731627,19.999722037885558,19.999993238252554,2.499999924071565,2.4999996293953046,3.7499465868392416,3.749784916715539,0.0,0.0,14,4,1399.4985402904917,1611.92247612108,-1.9343442144531502,2.9643293452323434,-0.10063981635549887,0.1313455378378631,0.025035850237052917,-0.014002136268521473,0.0,0.0,3.259122807017544,0.1482456140350877,839.165096454738,753.5743318279482,11.184617105928602,13.082581767508293,1.2369021121367199,1.2805769008006394,0.8984890775831316,0.8756862313131125,0.0,0.0,2.5721953083342415,0.43321168119797665,1378.3927063808592,1683.7057926018867,-2.383809426085034,4.811809781696389,0.0,0.0,0.0,0.0,0.0,0.0,3.0,0.0
38,1.1546455775201139,0.36178686380423564,-19.99999992766549,-19.999940759478108,-2.499995858318083,-2.4999984274200053,-3.749989456821158,-3.7498202637118503,0.0,0.0,0,0,2999.9236409537516,2998.5131116731627,19.999722037885558,19.999993238252554,2.499999924071565,2.4999996293953046,3.749985621586144,3.749784916715539,0.0,0.0,14,4,1397.7008873173775,1614.351213563807,-1.9643537563550826,2.9980143039524547,-0.09642645424246582,0.1337944950862992,0.027744548544790134,-0.013861989517587953,0.0,0.0,3.2962393162393164,0.14974358974358976,838.5674673770212,751.8511026799225,11.238741011269164,13.079232798162229,1.2328655460753872,1.2767045782191986,0.8992031817637061,0.879574285116441,0.0,0.0,2.59722459576514,0.43536498400366963,1372.9174326698826,1684.2015678592115,-2.494520540216217,4.811809781696389,0.0,0.0,0.0,0.0,0.0,0.0,3.0,0.0
39,1.1546455775201139,0.36178686380423564,-19.99999992766549,-19.999940759478108,-2.499995858318083,-2.4999984274200053,-3.749989456821158,-3.7498202637118503,0.0,0.0,0,0,2999.9236409537516,2998.5131116731627,19.999722037885558,19.999993238252554,2.499999924071565,2.4999996293953046,3.749985621586144,3.7497909087402364,0.0,0.0,14,4,1395.9200363661196,1616.2713771188228,-1.988325539245336,3.0359269307782233,-0.09310698174543262,0.1365390145757448,0.030591781119618223,-0.013609277152199877,0.0,0.0,3.3345,0.15166666666666667,837.9073005835572,750.2682227901125,11.286738705982845,13.077355750144285,1.2274721551579315,1.2722442534347698,0.9042626785138542,0.8844844016908213,0.0,0.0,2.624679615368956,0.43817487630194213,1367.428857675261,1684.4353590534497,-2.571728838681741,4.811809781696389,0.0,0.0,0.0,0.0,0.0,0.0,3.0,0.0
40,1.1546455775201139,0.36178686380423564,-19.99999992766549,-19.999940759478108,-2.499995858318083,-2.4999984274200053,-3.749989456821158,-3.7498202637118503,0.0,0.0,0,0,2999.9236409537516,2998.5131116731627,19.999722037885558,19.999993238252554,2.499999924071565,2.4999996293953046,3.749985621586144,3.7497909087402364,0.0,0.0,14,4,1393.665960269823,1618.2101833121878,-2.0121208394859185,3.0741890856956995,-0.09280679653663866,0.13756748790874612,0.03074195508819171,-0.015096190549274495,0.0,0.0,3.3738211382113823,0.15252032520325204,837.1200855689528,748.7541366843036,11.334780063134604,13.074063113436614,1.2244877983478317,1.2677211362851586,0.9051718418449411,0.8822256037622075,0.0,0.0,2.6539611506475884,0.44005467785899666,1364.7891112941106,1685.7172819048442,-2.6589502201854236,4.811809781696389,0.0,0.0,0.0,0.0,0.0,0.0,3.0,0.0
41,0.5981026063230637,0.36178686380423564,-19.99999992766549,-19.999940759478108,-2.499995858318083,-2.4999984274200053,-3.749989456821158,-3.7498202637118503,0.0,0.0,0,0,2999.9236409537516,2998.5131116731627,19.999722037885558,19.999993238252554,2.499999924071565,2.4999996293953046,3.749985621586144,3.7497909087402364,0.0,0.0,15,4,1391.4495572410988,1620.1705774086295,-2.0338770898444687,3.1149061149863035,-0.09359118609846737,0.13909488001127862,0.03386049873358268,-0.015212108857682765,0.0,0.0,3.4131746031746033,0.15412698412698414,836.2707274888498,747.3138680068766,11.380804672759554,13.066976459791874,1.2209712390391518,1.2632230845989258,0.910147367101643,0.8832859710129117,0.0,0.0,2.683266976639937,0.44245754857130637,1359.5397525785224,1686.2074903142125,-2.7363610890761163,4.811809781696389,0.0,0.0,0.0,0.0,0.0,0.0,3.0,0.0
42,0.5981026063230637,0.36178686380423564,-19.99999992766549,-19.999940759478108,-2.499995858318083,-2.4999984274200053,-3.749989456821158,-3.7498202637118503,0.0,0.0,0,0,2999.9236409537516,2998.5131116731627,19.999722037885558,19.999993238252554,2.499999924071565,2.4999996293953046,3.749985621586144,3.7497909087402364,0.0,0.0,15,4,1389.735632680319,1622.1553667394899,-2.052303946728106,3.15804279307785,-0.09425520111222116,0.13952719697041574,0.03803280651708064,-0.013769371917633198,0.0,0.0,3.451627906976744,0.15565891472868218,835.4186448290885,745.9466911630118,11.425991408542345,13.058031268141715,1.2174592126461907,1.2595024197049653,0.913871449732738,0.8835349924128508,0.0,0.0,2.7128007755073527,0.44473116164876264,1353.4052283662877,1687.0396667899445,-2.7490857733131815,4.8599286373508,0.0,0.0,0.0,0.0,0.0,0.0,3.0,0.0
43,0.5981026063230637,0.36178686380423564,-19.99999992766549,-19.999940759478108,-2.499995858318083,-2.4999984274200053,-3.749989456821158,-3.7498202637118503,0.0,0.0,0,0,2999.9236409537516,2998.5131116731627,19.999837867591573,19.999993238252554,2.499999924071565,2.4999996293953046,3.749985621586144,3.7497909087402364,0.0,0.0,15,4,1388.4935294305471,1624.1643157016458,-2.0662904806026616,3.2006464213876087,-0.09459396507451999,0.13981232939483096,0.043262075092686626,-0.01543848858685212,0.0,0.0,3.491060606060606,0.15757575757575756,834.5692998409479,744.6559682931272,11.469569147894878,13.047458172741441,1.2135760113959888,1.2567655760335603,0.9191305888899984,0.8884659875291727,0.0,0.0,2.743517775449194,0.4468952172152669,1349.3486830996796,1687.531992934877,-2.9026659375779826,4.912276834753756,0.0,0.0,0.0,0.0,0.0,0.0,3.0,0.0
44,0.5981026063230637,0.36178686380423564,-19.99999992766549,-19.999940759478108,-2.499995858318083,-2.4999984274200053,-3.749989456821158,-3.7498202637118503,0.0,0.0,0,0,2999.9236409537516,2998.5131116731627,19.999837867591573,19.999993238252554,2.499999924071565,2.4999996293953046,3.749985621586144,3.7497909087402364,0.0,0.0,15,4,1387.6890280221387,1626.2035184016497,-2.082420106326842,3.249061303745372,-0.09642799076260145,0.14305620692509438,0.0433430097381722,-0.01371797204150659,0.0,0.0,3.530962962962963,0.15911111111111112,833.7163070198114,743.443144459326,11.512777178227038,13.038197978686282,1.2111201506706453,1.2543099134063214,0.9218050930612429,0.8917467024479583,0.0,0.0,2.775421989689222,0.44971013984181324,1346.3945916545285,1688.803207071897,-2.9830899125255095,5.048664223277582,0.0,0.0,0.0,0.0,0.0,0.0,3.0,0.0
45,0.5981026063230637,0.36178686380423564,-19.99999992766549,-19.999940759478108,-2.499995858318083,-2.4999984274200053,-3.749989456821158,-3.7498202637118503,0.0,0.0,0,0,2999.9236409537516,2998.5131116731627,19.999837867591573,19.999993238252554,2.499999924071565,2.4999996293953046,3.749985621586144,3.7497909087402364,0.0,0.0,15,4,1386.8613057323712,1628.2754965745771,-2.0953493074790766,3.299865996152681,-0.09768176183722792,0.14599898914041934,0.047814155296515407,-0.015084136734200665,0.0,0.0,3.570144927536232,0.16115942028985508,832.8039625166367,742.3075144040747,11.556370281760426,13.02900469282769,1.208338233303579,1.2511092623583335,0.924712200074329,0.9016956258454341,0.0,0.0,2.806076477287694,0.45185458810116086,1344.5360328526117,1689.3999567693327,-3.0794633104224793,5.245862421742367,0.0,0.0,0.0,0.0,0.0,0.0,3.0,0.0
46,0.5981026063230637,0.36178686380423564,-19.99999992766549,-19.999940759478108,-2.499995858318083,-2.4999984274200053,-3.749989456821158,-3.7498202637118503,0.0,0.0,0,0,2999.9236409537516,2998.5131116731627,19.999837867591573,19.999993238252554,2.499999924071565,2.4999996293953046,3.749985621586144,3.7497909087402364,0.0,0.0,15,4,1386.0130281747631,1630.380516033692,-2.106544900257241,3.350866651482924,-0.09818813913244025,0.14708004503778369,0.05038586560807418,-0.016433049668369587,0.0,0.0,3.6106382978723404,0.16312056737588654,831.840970885418,741.2518972918349,11.600174226918925,13.02101988559992,1.2055218896731428,1.2482363388534705,0.9268290847456062,0.9059372590501434,0.0,0.0,2.8402927161021982,0.4551379414498376,1342.4677285075682,1690.675646333309,-3.1690081407106714,5.454110928057856,0.0,0.0,0.0,0.0,0.0,0.0,3.0,0.0
47,0.5981026063230637,0.36178686380423564,-19.99999992766549,-19.999940759478108,-2.499995858318083,-2.4999984274200053,-3.749989456821158,-3.7498202637118503,0.0,0.0,0,0,2999.9236409537516,2998.5131116731627,19.999837867591573,19.999993238252554,2.499999924071565,2.4999996293953046,3.749985621586144,3.7497909087402364,0.0,0.0,15,4,1385.5597269151986,1632.516832797519,-2.119693815025285,3.4000633784186616,-0.09925953433780269,0.14582902168130277,0.05011345412051649,-0.017488115333109143,0.0,0.0,3.6505555555555556,0.16472222222222221,830.8906265550473,740.2754374093224,11.645633404223464,13.012598595451426,1.20259547512916,1.244068071731578,0.926538748679721,0.909558110948025,0.0,0.0,2.874137498106987,0.4583544607925127,1338.9036385507713,1693.240111970535,-3.2853752556663363,5.6760864318041335,0.0,0.0,0.0,0.0,0.0,0.0,3.0,0.0
48,0.5981026063230637,0.36178686380423564,-19.99999992766549,-19.999940759478108,-2.499995858318083,-2.4999984274200053,-3.749989456821158,-3.7498202637118503,0.0,0.0,0,0,2999.9236409537516,2998.5131116731627,19.999837867591573,19.999993238252554,2.499999924071565,2.4999996293953046,3.749985621586144,3.7497909087402364,0.0,0.0,15,4,1385.068937877487,1634.6813234060412,-2.1324246279497414,3.446044777179925,-0.09988374036698984,0.14524792780034526,0.05189948707602999,-0.020476109416774444,0.0,0.0,3.6887074829931974,0.16625850340136056,829.8982251514277,739.3802819803707,11.690924923649629,13.003725883731196,1.1978800634385627,1.2399199788866677,0.9262700742270794,0.9121155746514066,0.0,0.0,2.905115420824335,0.4614134022043731,1333.7212795907483,1696.5955016432983,-3.4043130885233825,5.8546801872253855,0.0,0.0,0.0,0.0,0.0,0.0,3.0,0.0
49,0.5981026063230637,0.36178686380423564,-19.99999992766549,-19.999940759478108,-2.499995858318083,-2.4999984274200053,-3.749989456821158,-3.7498202637118503,0.0,0.0,0,0,2999.9236409537516,2998.5131116731627,19.999974242671975,19.999993238252554,2.499999924071565,2.4999996293953046,3.749985621586144,3.7497909087402364,0.0,0.0,15,4,1384.139862674722,1636.8735311154192,-2.1476938619531194,3.4914206068330675,-0.10181555448483852,0.14386079911990793,0.05174532067913854,-0.02033629991742899,0.0,0.0,3.7264,0.16773333333333335,828.808005625521,738.5626674321558,11.737717636501515,12.992868530236999,1.1936438815881978,1.2364902402956195,0.927631389745751,0.9139803192876264,0.0,0.0,2.93590582955244,0.46518691106072857,1330.703897002291,1698.6196095653625,-3.4635081435008734,6.098731284377332,0.0,0.0,0.0,0.0,0.0,0.0,3.0,0.0
50,0.5981026063230637,0.36178686380423564,-19.99999992766549,-19.999940759478108,-2.499995858318083,-2.4999984274200053,-3.749989456821158,-3.7498202637118503,0.0,0.0,0,0,2999.9236409537516,2998.5131116731627,19.999999149760882,19.999993238252554,2.499999924071565,2.4999996293953046,3.749985621586144,3.7497909087402364,0.0,0.0,15,4,1383.1882760918108,1639.0932733690547,-2.1645279194238225,3.5364648532850396,-0.1027558782555552,0.14359392696905232,0.05137464852370854,-0.020814431563246746,0.0,0.0,3.763137254901961,0.16915032679738562,827.6797119371895,737.8198473348832,11.785194377614665,12.978789794312178,1.188960649854621,1.2326162655989952,0.9290540142140805,0.9177135650128075,0.0,0.0,2.9646458132725666,0.46710336389845525,1327.4138969935732,1700.8740186020302,-3.6251506681526937,6.328032216395194,0.0,0.0,0.0,0.0,0.0,0.0,3.0,0.0
51,0.5981026063230637,0.36178686380423564,-19.99999992766549,-19.999940759478108,-2.499995858318083,-2.4999984274200053,-3.749989456821158,-3.7498202637118503,0.0,0.0,0,0,2999.9236409537516,2998.5131116731627,19.999999149760882,19.999993238252554,2.499999924071565,2.4999996293953046,3.749985621586144,3.7497909087402364,0.0,0.0,15,4,1382.5954910028881,1641.3372775920116,-2.1853157570970723,3.5780925851832,-0.10504256640075031,0.14099983483443396,0.04994227805980187,-0.022329955442573237,0.0,0.0,3.8,0.17064102564102565,826.5685708365654,737.1524509143032,11.835861725509663,12.959181530555309,1.1839190558816857,1.2294315481418907,0.9287956503188983,0.9223211551330734,0.0,0.0,2.992854738736828,0.46984405417114056,1324.7123628256586,1703.1636926981578,-3.7907332643233227,6.457777119237381,0.0,0.0,0.0,0.0,0.0,0.0,3.0,0.0
52,0.5981026063230637,0.36178686380423564,-19.99999992766549,-19.999940759478108,-2.499995858318083,-2.4999984274200053,-3.749989456821158,-3.7498202637118503,0.0,0.0,0,0,2999.9236409537516,2998.5131116731627,19.999999149760882,19.999993238252554,2.499999924071565,2.4999996293953046,3.749985621586144,3.7497909087402364,0.0,0.0,15,4,1381.9639673160111,1643.603760648336,-2.205191230914809,3.617739642337991,-0.10592935441783345,0.13914223768580064,0.052051506150582634,-0.02305518826262969,0.0,0.0,3.8366037735849057,0.17157232704402517,825.4187642597212,736.5562670758643,11.888283111863007,12.935184414011497,1.1790469453240298,1.2267790852628084,0.9285030514799802,0.9247728927716634,0.0,0.0,3.01994935818856,0.4710453176815148,1322.2688210535875,1704.8366861866675,-3.9018965330309587,6.6709790727810905,0.0,0.0,0.0,0.0,0.0,0.0,3.0,0.0
53,0.5981026063230637,0.36178686380423564,-19.99999992766549,-19.999940759478108,-2.499995858318083,-2.4999984274200053,-3.749989456821158,-3.7498474435144393,0.0,0.0,0,0,2999.9236409537516,2998.5131116731627,19.999999149760882,19.999993238252554,2.499999924071565,2.4999996293953046,3.749985621586144,3.7497909087402364,0.0,0.0,15,4,1381.2951077708465,1645.8940643277922,-2.2250799807361297,3.6585089038092247,-0.10610591357208775,0.13844587947047204,0.052593266509612706,-0.021826063792219255,0.0,0.0,3.8728395061728396,0.17308641975308642,824.2341827573923,736.0336635596533,11.937522897626835,12.911023424120716,1.1754214577877755,1.224504382690876,0.9301944968515624,0.927430560818036,0.0,0.0,3.0446274213334474,0.4736687439037744,1315.2894067147272,1708.4766429889876,-4.058444397801925,6.804306254036442,0.0,0.0,0.0,0.0,0.0,0.0,3.0,0.0
54,0.5981026063230637,0.36178686380423564,-19.99999992766549,-19.999940759478108,-2.499995858318083,-2.4999984274200053,-3.749989456821158,-3.7498474435144393,0.0,0.0,0,0,2999.9236409537516,2998.5131116731627,19.999999149760882,19.999993238252554,2.499999924071565,2.4999996293953046,3.749985621586144,3.7497909087402364,0.0,0.0,15,4,1382.0454721177498,1648.2128388826218,-2.2442677088425484,3.7037452056384352,-0.10733764061311138,0.1411164067430872,0.05475628052218368,-0.020660518317046798,0.0,0.0,3.9084848484848487,0.1732121212121212,823.2182098652444,735.5840483790018,11.984866088511948,12.888253074930608,1.171382850979805,1.2214624598954524,0.9307109219151887,0.9288298827897327,0.0,0.0,3.068982776112219,0.4729635617700027,1312.2265697740474,1713.1679701194616,-4.186776988834509,6.9002043639849555,0.0,0.0,0.0,0.0,0.0,0.0,3.0,0.0
55,0.5981026063230637,0.36178686380423564,-19.99999992766549,-19.999940759478108,-2.499995858318083,-2.4999984274200053,-3.749989456821158,-3.7498474435144393,0.0,0.0,0,0,2999.9236409537516,2998.5131116731627,19.999999149760882,19.999993238252554,2.499999924071565,2.4999996293953046,3.749985621586144,3.7497909087402364,0.0,0.0,15,4,1382.7119570923016,1650.5644924567507,-2.2612721454326388,3.753299294652686,-0.10640356135899519,0.14326872773949675,0.05629948233445047,-0.018991283800014698,0.0,0.0,3.943095238095238,0.17416666666666666,822.138298723283,735.2115897746887,12.026169468120745,12.867874664693431,1.1681389373283295,1.2184549534335594,0.9321769471224763,0.9277871904715919,0.0,0.0,3.091439784843084,0.475118301892961,1310.0712872586578,1715.8903045895938,-4.302561324086047,7.026064531046717,0.0,0.0,0.0,0.0,0.0,0.0,3.0,0.0
56,0.5981026063230637,0.36178686380423564,-19.99999992766549,-19.999940759478108,-2.499995858318083,-2.4999984274200053,-3.749989456821158,-3.7498474435144393,0.0,0.0,0,0,2999.9236409537516,2998.5131116731627,19.999999149760882,19.999993238252554,2.499999924071565,2.4999996293953046,3.749985621586144,3.7497909087402364,0.0,0.0,15,4,1383.301810016179,1652.9517779646167,-2.274847317255512,3.80559803283905,-0.1043086263771566,0.14568385807130446,0.05791996483806486,-0.019012649942969487,0.0,0.0,3.977309941520468,0.17497076023391814,821.0010916416206,734.9130498443785,12.06515077198386,12.848454772552476,1.1658951628407883,1.2155015504792916,0.9343298690519871,0.9288967217589814,0.0,0.0,3.111638182499703,0.4763707513190619,1307.8795190064866,1720.6612296131734,-4.437273797762602,7.146974065686081,0.0,0.0,0.0,0.0,0.0,0.0,3.0,0.0
57,0.5981026063230637,0.36178686380423564,-19.99999992766549,-19.999940759478108,-2.499995858318083,-2.4999984274200053,-3.749989456821158,-3.7498474435144393,0.0,0.0,0,0,2999.9236409537516,2998.5131116731627,19.999999149760882,19.999993238252554,2.499999924071565,2.4999996293953046,3.749985621586144,3.7497909087402364,0.0,0.0,15,4,1383.8246211625847,1655.375997311373,-2.2823278332615313,3.8592383024691594,-0.09990898017944176,0.14609786093521795,0.06035319894601165,-0.018258732370216326,0.0,0.0,4.009655172413793,0.17620689655172414,819.8147508712836,734.6881340785297,12.098687486803428,12.8324570363262,1.1625788748235366,1.2130088873854292,0.9380692367191306,0.9292497228266167,0.0,0.0,3.129856024111756,0.47788745219343415,1305.474160283562,1725.7104345141768,-4.559088268666504,7.284732875976891,0.0,0.0,0.0,0.0,0.0,0.0,3.0,0.0
58,0.5981026063230637,0.36178686380423564,-19.99999992766549,-19.999940759478108,-2.4999984931030874,-2.4999984274200053,-3.749989456821158,-3.7498474435144393,0.0,0.0,0,0,2999.9236409537516,2998.5131116731627,19.999999149760882,19.999993238252554,2.499999924071565,2.4999996293953046,3.749985621586144,3.7497909087402364,0.0,0.0,15,4,1384.6280918832329,1657.8392319400587,-2.2842453755264693,3.91501969272097,-0.09573075580989099,0.14700071775464507,0.062240980179590365,-0.017272498670989105,0.0,0.0,4.040790960451978,0.1768361581920904,818.6297006350087,734.5345694879286,12.129409184158463,12.82012335803861,1.159845853276369,1.2092875871833453,0.9387116681795585,0.9289908349467855,0.0,0.0,3.144832986920689,0.478728472682576,1302.2888090176803,1731.3778784067026,-4.633312467161861,7.406916432686716,0.0,0.0,0.0,0.0,0.0,0.0,3.0,0.0
59,0.5981026063230637,0.36178686380423564,-19.99999992766549,-19.999940759478108,-2.4999984931030874,-2.4999984274200053,-3.749989456821158,-3.7498474435144393,0.0,0.0,0,0,2999.9236409537516,2998.5131116731627,19.999999149760882,19.999993238252554,2.499999924071565,2.4999996293953046,3.749985621586144,3.7497909087402364,0.0,0.0,15,4,1385.3692744577465,1660.340542624786,-2.281680408046783,3.9699532415065657,-0.09149274456562505,0.14627962443983739,0.0631621959595409,-0.017539678353761665,0.0,0.0,4.071444444444444,0.178,817.3977128281347,734.4527489488278,12.156551969697261,12.811118730472579,1.1566099932896379,1.2059754688920865,0.9396615164505384,0.9316770168169527,0.0,0.0,3.1599061382372002,0.4812996294755829,1300.5398178530868,1734.4538409471647,-4.677906598711337,7.506968219631289,0.0,0.0,0.0,0.0,0.0,0.0,3.0,0.0
60,0.5981026063230637,0.36178686380423564,-19.99999992766549,-19.999940759478108,-2.4999984931030874,-2.4999984274200053,-3.749989456821158,-3.749979769283422,0.0,0.0,0,0,2999.9236409537516,2998.5131116731627,19.999999149760882,19.999993238252554,2.499999924071565,2.4999996293953046,3.749985621586144,3.7497909087402364,0.0,0.0,15,4,1386.0546939781573,1662.877171406377,-2.275737797279914,4.022200324074649,-0.08783756754451409,0.144473328635539,0.06366856116755963,-0.018626309574634348,0.0,0.0,4.1008743169398905,0.17846994535519126,816.123672446573,734.4369388777,12.182472550300373,12.803338823835894,1.153934753257227,1.2014348347169623,0.9406587930204853,0.9315873807051072,0.0,0.0,3.172695893963033,0.48220334227830547,1298.5354464148659,1737.1060158887972,-4.761349596496824,7.567820478048382,0.0,0.0,0.0,0.0,0.0,0.0,3.0,0.0
61,0.5981026063230637,0.36178686380423564,-19.99999992766549,-19.999940759478108,-2.4999984931030874,-2.4999984274200053,-3.749989456821158,-3.749979769283422,0.0,0.0,0,0,2999.9236409537516,2998.5131116731627,19.999999149760882,19.999993238252554,2.499999924071565,2.4999996293953046,3.749985621586144,3.7497909087402364,0.0,0.0,15,4,1387.010326439239,1665.1258475369855,-2.269289746317027,4.073780854367978,-0.0849586955758411,0.14243102207047373,0.06196035161476967,-0.0175258603565182,0.0,0.0,4.128709677419355,0.1789247311827957,814.856847948328,734.5557708755846,12.204173186106518,12.797800738019644,1.1501236394178735,1.196893650210324,0.9412066680183554,0.933240580827976,0.0,0.0,3.183170369911865,0.4826304767938967,1293.761607034895,1740.052897632289,-4.807038664804369,7.620509197808264,0.0,0.0,0.0,0.0,0.0,0.0,3.0,0.0
62,0.5981026063230637,0.36178686380423564,-19.99999992766549,-19.999940759478108,-2.4999984931030874,-2.4999984274200053,-3.749989456821158,-3.749979769283422,0.0,0.0,0,0,2999.9236409537516,2998.5131116731627,19.999999149760882,19.999993238252554,2.499999924071565,2.4999996293953046,3.749985621586144,3.7497909087402364,0.0,0.0,15,4,1387.9071261919516,1667.4200597951735,-2.2617644440753146,4.1260403376117525,-0.0815549831404625,0.14160051452668085,0.06025322098962024,-0.016290960021712785,0.0,0.0,4.155661375661376,0.17925925925925926,813.5528914782242,734.7332729958179,12.221478194890466,12.795213446554841,1.1462389538975153,1.1927288645243486,0.941729325377213,0.935818520365132,0.0,0.0,3.1927500895013385,0.4825346235695079,1291.3869778619587,1742.9155096779748,-4.866681989538591,7.7059235465816105,0.0,0.0,0.0,0.0,0.0,0.0,3.0,0.0
63,0.5981026063230637,0.36178686380423564,-19.99999992766549,-19.999940759478108,-2.4999984931030874,-2.4999984274200053,-3.749989456821158,-3.749979769283422,0.0,0.0,0,0,2999.9236409537516,2999.479200589895,19.999999149760882,19.999993238252554,2.499999924071565,2.4999996293953046,3.749985621586144,3.7497909087402364,0.0,0.0,15,4,1388.7477347976203,1669.7609106444042,-2.2545905294083393,4.1799036814478,-0.07927754986917467,0.14191854764255096,0.05819232314153928,-0.015329130659708324,0.0,0.0,4.181354166666667,0.179375,812.2200323585832,734.9729464229124,12.231462278592392,12.798065357961692,1.1428714824533863,1.1888221632166929,0.9428507132685011,0.936296920155914,0.0,0.0,3.2004111453945994,0.4823030956169229,1289.024196988058,1746.2082185761374,-4.9255268171590405,7.814140097606252,0.0,0.0,0.0,0.0,0.0,0.0,3.5,0.0
64,0.5981026063230637,0.36178686380423564,-19.99999992766549,-19.999940759478108,-2.4999984931030874,-2.4999984274200053,-3.749991863860001,-3.749979769283422,0.0,0.0,0,0,2999.9236409537516,2999.479200589895,19.999999149760882,19.999993238252554,2.499999924071565,2.4999996293953046,3.749985621586144,3.7497909087402364,0.0,0.0,15,4,1389.8375087435252,1671.8429667621672,-2.252566608545187,4.236521227164571,-0.07973152781919227,0.14246256404257682,0.05407488743016282,-0.013367200433332347,0.0,0.0,4.206051282051282,0.1797948717948718,810.9065518057506,735.3434007511405,12.233026149481816,12.805829250543464,1.139949145391333,1.1848311958401816,0.94674264506113,0.935256762876253,0.0,0.0,3.206772368443257,0.48249560537322067,1286.2966277968167,1749.521946401451,-4.971151463082691,7.950635220336936,0.0,0.0,0.0,0.0,0.0,0.0,4.0,0.0
65,0.5981026063230637,0.36178686380423564,-19.99999992766549,-19.999940759478108,-2.4999984931030874,-2.4999984274200053,-3.749991863860001,-3.749979769283422,0.0,0.0,0,0,2999.9236409537516,2999.479200589895,19.999999149760882,19.999993238252554,2.499999924071565,2.4999996293953046,3.749985621586144,3.7497909087402364,0.0,0.0,15,4,1390.8551421654909,1673.9841222989467,-2.257553882478847,4.29452354024757,-0.08186110303573044,0.1426928234479628,0.04967915508744815,-0.012415450755320434,0.0,0.0,4.2296969696969695,0.1798989898989899,809.5685737942108,735.7748549145455,12.226887572544031,12.819335519411442,1.1390286623225456,1.1813588733419462,0.95033291671293,0.9342810979950315,0.0,0.0,3.212784894271558,0.48206205843314187,1283.5634326006627,1752.1261930667333,-5.033618794585133,8.087243178488919,0.0,0.0,0.0,0.0,0.0,0.0,4.0,0.0
66,0.5981026063230637,0.36178686380423564,-19.99999992766549,-19.999996698330676,-2.4999984931030874,-2.4999984274200053,-3.749991863860001,-3.749979769283422,0.0,0.0,0,0,2999.9236409537516,2999.479200589895,19.999999149760882,19.999993238252554,2.499999924071565,2.4999996293953046,3.749985621586144,3.7497909087402364,0.0,0.0,15,4,1391.7984385553737,1676.1807432670353,-2.26781896342165,4.349806695934211,-0.08392685037632502,0.14143709216290454,0.047029186115956995,-0.013855788528187408,0.0,0.0,4.251940298507463,0.18029850746268658,808.2113036608542,736.2686543321655,12.216981681252852,12.8359194488785,1.1382263440350793,1.1782776500109955,0.9523143084843276,0.9337081421267189,0.0,0.0,3.216686703685885,0.48266456781355715,1280.4743688610297,1754.1748053119036,-5.102279701772205,8.280110184614411,0.0,0.0,0.0,0.0,0.0,0.0,4.0,0.0
67,0.5981026063230637,0.36178686380423564,-19.99999992766549,-19.999996698330676,-2.4999984931030874,-2.4999984274200053,-3.749991863860001,-3.749979769283422,0.0,0.0,0,0,2999.9236409537516,2999.479200589895,19.999999149760882,19.999993238252554,2.499999924071565,2.4999996293953046,3.749985621586144,3.7497909087402364,0.0,0.0,15,4,1392.6668559765585,1677.5480558619686,-2.2816036417784504,4.403490017488382,-0.08465296328401042,0.13895577432539807,0.044593730632238426,-0.013196952326410065,0.0,0.0,4.273039215686275,0.18088235294117647,806.8416136437702,737.0247355538725,12.203638162657148,12.854052954483748,1.1369848899785693,1.1750783051225309,0.9566341070356175,0.9332799299018307,0.0,0.0,3.2197702052992416,0.48297201425271674,1278.7412184897357,1756.234906825488,-5.124492648012396,8.355217111375847,0.0,0.0,0.0,0.0,0.0,0.0,4.0,0.0
68,0.5981026063230637,0.36178686380423564,-19.99999992766549,-19.999996698330676,-2.4999984931030874,-2.4999984274200053,-3.749991863860001,-3.749979769283422,0.0,0.0,0,0,2999.9236409537516,2999.479200589895,19.999999149760882,19.999993238252554,2.499999924071565,2.4999996293953046,3.749985621586144,3.7497909087402364,0.0,0.0,15,4,1393.4598310070817,1678.7009306380592,-2.2988077935395563,4.454720824332428,-0.08644358723806998,0.13708785217435307,0.04331273887281654,-0.013657268787828273,0.0,0.0,4.293333333333333,0.18135265700483091,805.4620586866974,737.8829643961363,12.189535535472233,12.874160131287178,1.1360816193375578,1.1714456145312373,0.9598992226116082,0.9309887636101329,0.0,0.0,3.2222571379084464,0.48380547282603015,1277.5281870067106,1758.351735001639,-5.1558085416235,8.427388001204978,0.0,0.0,0.0,0.0,0.0,0.0,4.0,0.0
69,0.5981026063230637,0.36178686380423564,-19.99999992766549,-19.999996698330676,-2.4999984931030874,-2.4999984274200053,-3.749991863860001,-3.749979769283422,0.0,0.0,0,0,2999.9236409537516,2999.479200589895,19.999999149760882,19.999993238252554,2.499999924071565,2.4999996293953046,3.749985621586144,3.7497909087402364,0.0,0.0,15,4,1394.1764124595481,1679.3610710794871,-2.3197048308161152,4.502715471496153,-0.08773879212070361,0.1344530540399656,0.04106478457405002,-0.014490176810419182,0.0,0.0,4.3136190476190475,0.18133333333333335,804.07578698316,738.8996411402616,12.175385588843689,12.893605386120724,1.1339716625469782,1.1679091389614669,0.9627683825879173,0.9273528929723016,0.0,0.0,3.224138902776847,0.48351307002902094,1275.148674371294,1760.5277914962721,-5.177254716056561,8.489844023284228,0.0,0.0,0.0,0.0,0.0,0.0,4.0,0.0
70,0.5981026063230637,0.36178686380423564,-19.99999992766549,-19.999996698330676,-2.4999984931030874,-2.4999984274200053,-3.749991863860001,-3.749979769283422,0.0,0.0,0,0,2999.9236409537516,2999.479200589895,19.999999149760882,19.999993238252554,2.499999924071565,2.4999996293953046,3.749985621586144,3.7497909087402364,0.0,0.0,15,4,1394.815392056426,1680.112095822678,-2.344449394352126,4.548776750883632,-0.08958495420294654,0.13250703008263248,0.03930686877571516,-0.01446986213434916,0.0,0.0,4.332957746478873,0.18169014084507043,802.684779313173,739.9305901607975,12.158941412187096,12.913800243786936,1.1329267610272054,1.1642014691306117,0.9665602759895561,0.9243485148769206,0.0,0.0,3.2250971791739933,0.4842524442983229,1274.0381177873007,1762.5476842364108,-5.217412804962807,8.62793443292011,0.0,0.0,0.0,0.0,0.0,0.0,4.0,0.0
71,0.5981026063230637,0.36178686380423564,-19.99999992766549,-19.999996698330676,-2.4999984931030874,-2.4999984274200053,-3.749991863860001,-3.749979769283422,0.0,0.0,0,0,2999.9236409537516,2999.479200589895,19.999999149760882,19.999993238252554,2.499999924071565,2.4999996293953046,3.749985621586144,3.7497909087402364,0.0,0.0,15,4,1395.377261095356,1680.6713137655547,-2.3712487219096188,4.592432071895767,-0.09035366556366654,0.1304329873705837,0.037993741081395395,-0.015110257105283098,0.0,0.0,4.352037037037037,0.18212962962962964,801.2933999866873,741.0406654195554,12.139915645971305,12.934047248128872,1.1316728648247911,1.1601544912994948,0.971062162883453,0.9224993671379454,0.0,0.0,3.2256718390814454,0.484648690874668,1272.6319054755827,1764.8767228702527,-5.2468101934323474,8.740322521060074,0.0,0.0,0.0,0.0,0.0,0.0,4.0,0.0
72,0.5981026063230637,0.36178686380423564,-19.99999992766549,-19.999996698330676,-2.4999984931030874,-2.4999984274200053,-3.749991863860001,-3.749979769283422,0.0,0.0,0,0,2999.9236409537516,2999.479200589895,19.999999149760882,19.999993238252554,2.499999924071565,2.4999996293953046,3.749985621586144,3.7497909087402364,0.0,0.0,15,4,1395.8631868803313,1680.7712756178457,-2.3993154443605236,4.633532197938697,-0.09027916041596461,0.12837542855458142,0.036713875806180775,-0.01578543283595274,0.0,0.0,4.370867579908675,0.182648401826484,799.9033492109385,742.2865884731295,12.11993241961376,12.955020714414484,1.1311066233333564,1.156679199192587,0.9741044519658205,0.9206181507490142,0.0,0.0,3.2272372050871487,0.48546952242199737,1271.7759490400888,1766.7399997488965,-5.298089516428497,8.818187962580055,0.0,0.0,0.0,0.0,0.0,0.0,4.0,0.0
73,0.5981026063230637,0.36178686380423564,-19.99999992766549,-19.999996698330676,-2.4999984931030874,-2.4999984274200053,-3.749991863860001,-3.749979769283422,0.0,0.0,0,0,2999.9236409537516,2999.479200589895,19.999999149760882,19.999993238252554,2.499999924071565,2.4999996293953046,3.749985621586144,3.7497909087402364,0.0,0.0,15,4,1396.273452888972,1680.7007527236158,-2.429418909690942,4.673404093399162,-0.09055295725453194,0.1263602048122134,0.034975767851059526,-0.015240135092343322,0.0,0.0,4.389009009009009,0.18288288288288287,798.5167738550654,743.5856354778729,12.097978162216474,12.976964427902008,1.1305680542098415,1.1538522001342502,0.9776586584384164,0.9182451240524393,0.0,0.0,3.228536319399954,0.485719281599789,1270.1585060939674,1768.1019636161814,-5.313547335325161,8.894196075340606,0.0,0.0,0.0,0.0,0.0,0.0,4.0,0.0
74,0.5981026063230637,0.36178686380423564,-19.99999992766549,-19.999996698330676,-2.4999984931030874,-2.4999984274200053,-3.749991863860001,-3.749979769283422,0.0,0.0,0,0,2999.9236409537516,2999.479200589895,19.999999149760882,19.999993238252554,2.499999924071565,2.4999996293953046,3.749985621586144,3.7497909087402364,0.0,0.0,15,4,1396.6096887085891,1680.7324284922477,-2.460116419688347,4.711410091169724,-0.09058050350782473,0.1244238747578017,0.03427117422720287,-0.015231090159807427,0.0,0.0,4.406577777777778,0.18355555555555556,797.1372730873986,744.870757825907,12.076810565929877,12.999253851368419,1.13061345718913,1.1511045365628025,0.9816417091819424,0.9161407474358126,0.0,0.0,3.2298925093148836,0.4867997788530291,1268.675505250069,1770.0503355985531,-5.315836495837495,8.956644228990722,0.0,0.0,0.0,0.0,0.0,0.0,4.0,0.0
75,0.5981026063230637,0.36178686380423564,-19.99999992766549,-19.999996698330676,-2.4999984931030874,-2.4999984274200053,-3.749991863860001,-3.749979769283422,0.0,0.0,0,0,2999.9236409537516,2999.479200589895,19.999999149760882,19.999993238252554,2.499999924071565,2.4999996293953046,3.749985621586144,3.7497909087402364,0.0,0.0,15,4,1396.8721236008691,1680.5993291881402,-2.4926990830923175,4.748634247984205,-0.09019415156241917,0.12279672492523394,0.031966402271670934,-0.014673086866950619,0.0,0.0,4.423508771929825,0.18403508771929825,795.7664288109097,746.2085738035402,12.055094776807033,13.021376663528589,1.130254951432394,1.1477648999974328,0.9833171280645445,0.9139187630986559,0.0,0.0,3.231143674135446,0.4875551598091966,1267.2441914337628,1771.839428256597,-5.3551600459378506,9.022060577431727,0.0,0.0,0.0,0.0,0.0,0.0,4.0,0.0
76,0.5981026063230637,0.36178686380423564,-19.99999992766549,-19.999996698330676,-2.4999984931030874,-2.4999984274200053,-3.749991863860001,-3.749979769283422,0.0,0.0,0,0,2999.9236409537516,2999.962013085747,19.999999149760882,19.999993238252554,2.499999924071565,2.4999996293953046,3.749985621586144,3.7497909087402364,0.0,0.0,15,4,1397.0612959474931,1680.567284809419,-2.5267724226746915,4.784561473939156,-0.09086882155181725,0.12152112731154897,0.03091921913063376,-0.015120195479768199,0.0,0.0,4.44017316017316,0.18398268398268397,794.4053530982545,747.5313026767109,12.033562305375106,13.043782135183816,1.1286377903133178,1.144014419577171,0.9847355916645294,0.91136666573908,0.0,0.0,3.233110087178663,0.4877758335233713,1266.5355479649447,1773.7976311432126,-5.39303384794874,9.142488000906056,0.0,0.0,0.0,0.0,0.0,0.0,4.0,0.0
77,0.5981026063230637,0.36178686380423564,-19.99999992766549,-19.999996698330676,-2.4999984931030874,-2.4999984274200053,-3.749991863860001,-3.749979769283422,0.0,0.0,0,0,2999.9236409537516,2999.962013085747,19.999999149760882,19.999993238252554,2.499999924071565,2.4999996293953046,3.749985621586144,3.7497909087402364,0.0,0.0,15,4,1397.1830229068357,1679.8613863736446,-2.556972718726466,4.817776003663115,-0.0881796764648912,0.11913449889292604,0.03198160128431497,-0.015774072143727,0.0,0.0,4.456324786324786,0.18393162393162393,793.0577755145612,749.0122839909853,12.012944361509001,13.06616824817849,1.1264284557666535,1.1395750574849197,0.9853252362194228,0.9099121938157971,0.0,0.0,3.234835521595928,0.48781556915779906,1264.6408735374393,1775.2841947118145,-5.420680274845891,9.232532577711613,0.0,0.0,0.0,0.0,0.0,0.0,4.0,0.0
78,0.5981026063230637,0.36178686380423564,-19.99999992766549,-19.999996698330676,-2.4999984931030874,-2.4999984274200053,-3.749991863860001,-3.749979769283422,0.0,0.0,0,0,2999.9236409537516,2999.962013085747,19.999999149760882,19.999993238252554,2.499999924071565,2.4999996293953046,3.749985621586144,3.7497909087402364,0.0,0.0,15,4,1397.2412194733593,1679.0137143361442,-2.585054673097139,4.850311606048552,-0.08604428204747334,0.11778137398960267,0.03195944299518948,-0.015169709068125387,0.0,0.0,4.471561181434599,0.18362869198312237,791.7267859653248,750.5183365766493,11.992683134319346,13.08956620614536,1.1242005177212877,1.1353033510725763,0.9848657599487656,0.9069956141265563,0.0,0.0,3.236277959487868,0.4875170853866136,1262.8593746417578,1777.4311275536902,-5.448021881398306,9.355049654257904,0.0,0.0,0.0,0.0,0.0,0.0,4.0,0.0
79,0.5981026063230637,0.36178686380423564,-19.99999992766549,-19.999996698330676,-2.4999984931030874,-2.4999984274200053,-3.749991863860001,-3.749979769283422,0.0,0.0,0,0,2999.9236409537516,2999.962013085747,19.999999149760882,19.999993238252554,2.499999924071565,2.4999996293953046,3.749985621586144,3.7497909087402364,0.0,0.0,15,4,1397.2397647464911,1678.2787331349987,-2.610937868912139,4.881181746390058,-0.08327369914685949,0.11585671153346351,0.031346907507791934,-0.015279782557803271,0.0,0.0,4.486583333333333,0.1835,790.4146333572191,751.9907601036489,11.97233368979838,13.11334370217325,1.1214585203060314,1.130032115676748,0.9851303782434618,0.9047626236135753,0.0,0.0,3.237512418466101,0.48750495723975296,1261.1441643674716,1778.6566844535064,-5.475030843398335,9.521150720500563,0.0,0.0,0.0,0.0,0.0,0.0,4.0,0.0
80,0.5981026063230637,0.36178686380423564,-19.99999992766549,-19.999996698330676,-2.4999984931030874,-2.4999984274200053,-3.749991863860001,-3.749979769283422,0.0,0.0,0,0,2999.9236409537516,2999.962013085747,19.999999149760882,19.999993238252554,2.499999924071565,2.4999996293953046,3.7499978811638703,3.7497909087402364,0.0,0.0,15,4,1397.1835752727623,1677.1566266412065,-2.6334747341042384,4.909474427216489,-0.08119773789327416,0.11395425096892915,0.032615682479890135,-0.016254116511190506,0.0,0.0,4.500740740740741,0.1831275720164609,789.1237741931463,753.5494687268268,11.952669205684343,13.137885173378368,1.1189068765467762,1.1254141660323016,0.9848864550538176,0.9014038046596307,0.0,0.0,3.238191505295156,0.4871637198090803,1260.7318415135692,1780.9489061528525,-5.511747292519344,9.600013291804249,0.0,0.0,0.0,0.0,0.0,0.0,4.0,0.0
81,0.5981026063230637,0.36178686380423564,-19.99999992766549,-19.999996698330676,-2.4999984931030874,-2.4999984274200053,-3.749991863860001,-3.749979769283422,0.0,0.0,0,0,2999.9236409537516,2999.962013085747,19.999999149760882,19.999993238252554,2.499999924071565,2.4999996293953046,3.7499978811638703,3.7497909087402364,0.0,0.0,15,4,1397.0785289519577,1675.6594972959804,-2.6515865106106533,4.935016363406905,-0.07800833152271817,0.11183285133064791,0.03389375207360568,-0.01718159467375705,0.0,0.0,4.514390243902439,0.18300813008130082,787.8559209010056,755.1819998637707,11.935511708821789,13.160824756975325,1.116229559875026,1.1202511792661927,0.9837410488398899,0.9003044946883211,0.0,0.0,3.2390459918223744,0.487156065808717,1259.867487186686,1781.3704772424944,-5.537953668558957,9.693262897105072,0.0,0.0,0.0,0.0,0.0,0.0,4.0,0.0
82,0.5981026063230637,0.36178686380423564,-19.99999992766549,-19.999996698330676,-2.4999984931030874,-2.4999984274200053,-3.749991863860001,-3.749979769283422,0.0,0.0,0,0,2999.9236409537516,2999.962013085747,19.999999149760882,19.999993238252554,2.499999924071565,2.4999996293953046,3.7499978811638703,3.7497909087402364,0.0,0.0,15,4,1396.9299428771997,1674.0411294221328,-2.6657106757813556,4.959208255823671,-0.07480179088534131,0.110794119137895,0.03486411676025465,-0.017730995007757332,0.0,0.0,4.52714859437751,0.18281124497991968,786.6133457627852,756.8224605605477,11.92094254063765,13.183125138983687,1.1127791262697873,1.1153923207068648,0.9829441667699367,0.8977960281941544,0.0,0.0,3.2390107540214648,0.4872611437441608,1259.581915400583,1782.1793548585192,-5.570037427518658,9.783528493099872,0.0,0.0,0.0,0.0,0.0,0.0,4.0,0.0
83,0.5981026063230637,0.36178686380423564,-19.99999992766549,-19.999996698330676,-2.4999984931030874,-2.4999984274200053,-3.749991863860001,-3.749979769283422,0.0,0.0,0,0,2999.9236409537516,2999.962013085747,19.999999149760882,19.999993238252554,2.499999924071565,2.4999996293953046,3.7499978811638703,3.7497909087402364,0.0,0.0,15,4,1396.7421486425103,1672.5434786944572,-2.676721948494751,4.982354640048767,-0.07156244273729638,0.10917756219593179,0.034896560274753075,-0.017513551277481526,0.0,0.0,4.539920634920635,0.18261904761904763,785.3980773922408,758.418168216958,11.907346083438208,13.205118663001082,1.1102940518460938,1.1104393217604114,0.9823600867602371,0.8948869258619347,0.0,0.0,3.2396590051873764,0.4872007483173622,1259.1949600538844,1783.2630711711095,-5.622883418197842,9.895272791782503,0.0,0.0,0.0,0.0,0.0,0.0,4.0,0.0
84,0.5981026063230637,0.36178686380423564,-19.99999992766549,-19.999996698330676,-2.4999984931030874,-2.4999984274200053,-3.749991863860001,-3.749979769283422,0.0,0.0,0,0,2999.9236409537516,2999.962013085747,19.999999149760882,19.999993238252554,2.499999924071565,2.4999996293953046,3.7499978811638703,3.7497909087402364,0.0,0.0,15,4,1396.517015810319,1671.1618606548736,-2.6869883874192424,5.004532550547723,-0.0701109658527897,0.10778480896565222,0.03437169793547104,-0.01745887898429689,0.0,0.0,4.552392156862745,0.18219607843137256,784.2120752459045,759.9753487461342,11.893482939590495,13.226930646574429,1.107450444276219,1.1057001520153664,0.9826246329105572,0.8921895062352353,0.0,0.0,3.2397349448496033,0.48666600938477683,1258.9789764095772,1784.0939118577398,-5.6554684473193655,10.009414286759036,0.0,0.0,0.0,0.0,0.0,0.0,4.0,0.0
85,0.5981026063230637,0.36178686380423564,-19.99999992766549,-19.999996698330676,-2.4999984931030874,-2.4999984274200053,-3.749991863860001,-3.749979769283422,0.0,0.0,0,0,2999.9236409537516,2999.962013085747,19.999999149760882,19.999993238252554,2.499999924071565,2.4999996293953046,3.7499978811638703,3.7497909087402364,0.0,0.0,15,4,1396.2576116560115,1669.4266622759897,-2.695251305779344,5.025745599274008,-0.06827099507819162,0.10654843953304369,0.034694198798206614,-0.01747253574458492,0.0,0.0,4.564573643410853,0.18232558139534882,783.0578861428119,761.5987085438027,11.879727535647469,13.248241216187765,1.104730688199443,1.1012602883749674,0.9819672376766005,0.8902903736308893,0.0,0.0,3.240241283903096,0.4872936042956574,1258.759079156487,1784.6018451998466,-5.6913914089286735,10.128844478886714,0.0,0.0,0.0,0.0,0.0,0.0,4.0,0.0
86,0.5981026063230637,0.36178686380423564,-19.99999992766549,-19.999996698330676,-2.4999984931030874,-2.4999984274200053,-3.749991863860001,-3.749979769283422,0.0,0.0,0,0,2999.9236409537516,2999.962013085747,19.999999149760882,19.999993238252554,2.499999924071565,2.4999996293953046,3.7499978811638703,3.7497909087402364,0.0,0.0,15,4,1395.967250917499,1667.8090847904277,-2.701191303809429,5.045709683894705,-0.0665372727593032,0.10559230625628521,0.035518687846814605,-0.018141195875229887,0.0,0.0,4.576551724137931,0.18222222222222223,781.9380921510443,763.1813469321319,11.868318209166926,13.268534370831576,1.1018152454322763,1.0973135339279612,0.9815599028852877,0.8876095688808389,0.0,0.0,3.2408317463645275,0.4875991346736839,1258.7276600641594,1785.1980044150316,-5.729020207271015,10.2686854114156,0.0,0.0,0.0,0.0,0.0,0.0,4.0,0.0
87,0.5981026063230637,0.36178686380423564,-19.99999992766549,-19.999996698330676,-2.4999984931030874,-2.4999984274200053,-3.749991863860001,-3.749979769283422,0.0,0.0,0,0,2999.9236409537516,2999.962013085747,19.999999149760882,19.999993238252554,2.499999924071565,2.4999996293953046,3.7499978811638703,3.7497909087402364,0.0,0.0,15,4,1395.6489995227528,1666.3044709477986,-2.7049857120122165,5.064572592110789,-0.06419346064066014,0.1041411778809739,0.03558121918425279,-0.01822810674091621,0.0,0.0,4.588409090909091,0.18204545454545454,780.8536567063627,764.7305837255367,11.857022594003459,13.288975862055684,1.0993042140526181,1.0935373462916815,0.9817286227675608,0.8845468556799072,0.0,0.0,3.2415487622584322,0.4876928346451148,1258.5790095263421,1785.934700869287,-5.7388499690243755,10.373077135874016,0.0,0.0,0.0,0.0,0.0,0.0,4.0,0.0
88,0.5981026063230637,0.36178686380423564,-19.99999992766549,-19.999996698330676,-2.4999984931030874,-2.4999984274200053,-3.749991863860001,-3.749979769283422,0.0,0.0,0,0,2999.9236409537516,2999.962013085747,19.999999149760882,19.999993238252554,2.499999924071565,2.4999996293953046,3.7499978811638703,3.7497909087402364,0.0,0.0,15,4,1395.3036570447016,1664.4588063827046,-2.7088354141646893,5.082243214844294,-0.06264426663674996,0.10270545639356628,0.03415454333971817,-0.018382604508002196,0.0,0.0,4.600374531835206,0.18217228464419474,779.8070106274646,766.3426377639547,11.844422022900703,13.310039852261763,1.0972719823348358,1.0897807149052632,0.9836973628416955,0.8812732340998828,0.0,0.0,3.2422191286914117,0.4882865404646131,1258.7276600641594,1786.4200631966266,-5.764685890032961,10.396693338129358,0.0,0.0,0.0,0.0,0.0,0.0,4.0,0.0
89,0.5981026063230637,0.36178686380423564,-19.99999992766549,-19.999996698330676,-2.4999984931030874,-2.4999984274200053,-3.749991863860001,-3.749979769283422,0.0,0.0,0,0,2999.9236409537516,2999.962013085747,19.999999149760882,19.999993238252554,2.499999924071565,2.4999996293953046,3.7499978811638703,3.7497909087402364,0.0,0.0,15,4,1394.9329649506703,1662.5068764261912,-2.7117611361667278,5.100715908480307,-0.06144871443650957,0.10210786237357597,0.03418310289694246,-0.017248495789409117,0.0,0.0,4.61162962962963,0.182,778.8011420259926,767.9563632578783,11.82849818451151,13.334215868158951,1.0958726572821293,1.0864060939236013,0.9850577884234233,0.8790251453460989,0.0,0.0,3.2421389161654806,0.4880669353002038,1258.8483129479064,1786.8310750166484,-5.808210175864053,10.396693338129358,0.0,0.0,0.0,0.0,0.0,0.0,4.0,0.0
90,0.5981026063230637,0.36178686380423564,-19.99999992766549,-19.999996698330676,-2.4999984931030874,-2.4999984274200053,-3.749991863860001,-3.749979769283422,0.0,0.0,0,0,2999.9236409537516,2999.962013085747,19.999999149760882,19.999993238252554,2.499999924071565,2.4999996293953046,3.7499978811638703,3.7497909087402364,0.0,0.0,15,4,1394.5372604787115,1660.6699586655532,-2.7151210201588643,5.11677672170138,-0.060301560993242485,0.1006665197866415,0.032761844647176394,-0.018648689353333393,0.0,0.0,4.622417582417582,0.18205128205128204,777.8387424124487,769.528417673474,11.81299568073362,13.358203986834425,1.0950137867936696,1.0823921911569463,0.9867185129027252,0.8766997147347585,0.0,0.0,3.2415564052147894,0.48829542520750296,1259.4220725454093,1787.117199256261,-5.8406749078899605,10.396693338129358,0.0,0.0,0.0,0.0,0.0,0.0,4.0,0.0
91,0.5981026063230637,0.36178686380423564,-19.99999992766549,-19.999996698330676,-2.4999984931030874,-2.4999984274200053,-3.749991863860001,-3.749979769283422,0.0,0.0,0,0,2999.9236409537516,2999.962013085747,19.999999149760882,19.999993238252554,2.499999924071565,2.4999996293953046,3.7499978811638703,3.7497909087402364,0.0,0.0,15,4,1394.1157463290542,1658.9458636042689,-2.72002078398529,5.134049287979598,-0.06033878515613885,0.10010123495173232,0.03150556947262147,-0.01725461841104907,0.0,0.0,4.632971014492754,0.18188405797101448,776.9198181589272,771.0630174976665,11.795612692828488,13.383174080607873,1.0932719627725866,1.0784990346241818,0.9870426620352526,0.8738951623561276,0.0,0.0,3.240772834429657,0.4882289061683213,1259.692283099595,1787.117199256261,-5.858833756807643,10.477223095632642,0.0,0.0,0.0,0.0,0.0,0.0,4.0,0.0
92,0.5981026063230637,0.36178686380423564,-19.99999992766549,-19.999996698330676,-2.4999984931030874,-2.4999984274200053,-3.749991863860001,-3.749979769283422,0.0,0.0,0,0,2999.9236409537516,2999.962013085747,19.999999149760882,19.999993238252554,2.499999924071565,2.4999996293953046,3.7499978811638703,3.7497909087402364,0.0,0.0,15,4,1393.66735753135,1657.1162910699738,-2.726712717142932,5.151343434209935,-0.060230161052940136,0.09975353161834452,0.029811514577989046,-0.01711848750703997,0.0,0.0,4.642939068100358,0.18164874551971327,776.0455962774071,772.607820871173,11.778593514590549,13.40741729355472,1.0913917588797664,1.074417618788947,0.987063264880336,0.871560711828656,0.0,0.0,3.239391060726688,0.4879701265059425,1259.9680908161904,1786.6141744833571,-5.894569306691864,10.555000710782458,0.0,0.0,0.0,0.0,0.0,0.0,4.0,0.0
93,0.5981026063230637,0.36178686380423564,-19.99999992766549,-19.999996698330676,-2.4999984931030874,-2.4999984274200053,-3.749991863860001,-3.749979769283422,0.0,0.0,0,0,2999.9236409537516,2999.962013085747,19.999999149760882,19.999993238252554,2.499999924071565,2.4999996293953046,3.7499978811638703,3.7497909087402364,0.0,0.0,15,4,1393.1952253357929,1655.3978069932652,-2.730988720084,5.168703290703193,-0.05873578353956947,0.09905836701856024,0.030877157417609886,-0.016734537822926297,0.0,0.0,4.652340425531915,0.18120567375886526,775.2169136358716,774.1170576354405,11.761394097421979,13.431837259126544,1.0893501308664324,1.0704272793493625,0.986149214839097,0.868234289411371,0.0,0.0,3.2373679525189876,0.4877229988997358,1260.5121643533325,1785.934700869287,-5.917041434880099,10.617747862965583,0.0,0.0,0.0,0.0,0.0,0.0,4.0,0.0
94,0.5981026063230637,0.36178686380423564,-19.99999992766549,-19.999996698330676,-2.4999984931030874,-2.4999984274200053,-3.749991863860001,-3.749979769283422,0.0,0.0,0,0,2999.9236409537516,2999.962013085747,19.999999149760882,19.999993238252554,2.499999924071565,2.4999996293953046,3.7499978811638703,3.7497909087402364,0.0,0.0,15,4,1392.6992424370208,1653.5764795370035,-2.73603179878351,5.185800211738033,-0.05785902531056342,0.09866007383469436,0.02939317725622166,-0.016726985160472628,0.0,0.0,4.661263157894737,0.18105263157894738,774.4359045760583,775.6329217033117,11.74385383374984,13.455883959765117,1.0868224270475035,1.066093486938565,0.9872298974900913,0.8655027130579805,0.0,0.0,3.2352219182882154,0.48752034311320297,1260.7318415135692,1785.3598582110685,-5.945115888415939,10.712139169834497,0.0,0.0,0.0,0.0,0.0,0.0,4.0,0.0
95,0.5981026063230637,0.36178686380423564,-19.99999992766549,-19.999996698330676,-2.4999984931030874,-2.4999984274200053,-3.749991863860001,-3.749979769283422,0.0,0.0,0,0,2999.9236409537516,2999.962013085747,19.999999149760882,19.999993238252554,2.499999924071565,2.4999996293953046,3.7499978811638703,3.7497909087402364,0.0,0.0,15,4,1392.3896310221826,1651.8647797300841,-2.739826294003488,5.203464786869162,-0.05694520051559144,0.09873257759829734,0.02992064448408518,-0.016650254309117533,0.0,0.0,4.669722222222222,0.1807638888888889,773.7283568180277,777.1161243030039,11.726732954090641,13.479361311149228,1.0854423272242206,1.0620751105340023,0.9872185121443265,0.8625056504123039,0.0,0.0,3.2328736667339366,0.48751578302244497,1261.025935579168,1784.9415139430275,-6.0059146027366275,10.712139169834497,0.0,0.0,0.0,0.0,0.0,0.0,4.0,0.0
96,0.5981026063230637,0.36178686380423564,-19.99999992766549,-19.999996698330676,-2.4999984931030874,-2.4999984274200053,-3.749991863860001,-3.749979769283422,0.0,0.0,0,0,2999.9236409537516,2999.962013085747,19.999999149760882,19.999993238252554,2.499999924071565,2.4999996293953046,3.7499978811638703,3.7497909087402364,0.0,0.0,15,4,1392.0515776650702,1650.0541370476617,-2.746406344892692,5.221770731977518,-0.057730599523788784,0.09898174802755257,0.028065626092193176,-0.016456787709945877,0.0,0.0,4.6777319587628865,0.18054982817869417,773.0655737478212,778.6083948867248,11.709476897808255,13.502101491414367,1.083619351599864,1.0580224778801006,0.9878487999827102,0.8599454503931635,0.0,0.0,3.2304594712684214,0.48741520375393094,1261.2843276701658,1784.5416381747743,-6.04864923167206,10.712139169834497,0.0,0.0,0.0,0.0,0.0,0.0,4.0,0.0
97,0.5981026063230637,0.36178686380423564,-19.99999992766549,-19.999996698330676,-2.4999984931030874,-2.4999984274200053,-3.749991863860001,-3.749979769283422,0.0,0.0,0,0,2999.9236409537516,2999.962013085747,19.999999149760882,19.999993238252554,2.499999924071565,2.4999996293953046,3.7499978811638703,3.7497909087402364,0.0,0.0,15,4,1391.6877343342476,1648.3526900547768,-2.7510708121675997,5.2407311552209634,-0.05627589942946464,0.09863794536335237,0.028710151258326527,-0.015749127584163924,0.0,0.0,4.685646258503401,0.18027210884353742,772.4487648489946,780.0690611233284,11.691777910430496,13.525107451741496,1.0821658162322323,1.0543270619239324,0.9884329057036563,0.8568791665315727,0.0,0.0,3.2279220940002533,0.487411524262597,1261.9889789531014,1783.8532735164804,-6.070247907370559,10.785056062203186,0.0,0.0,0.0,0.0,0.0,0.0,4.0,0.0
98,0.5981026063230637,0.36178686380423564,-19.99999992766549,-19.999996698330676,-2.4999984931030874,-2.4999984274200053,-3.749991863860001,-3.749979769283422,0.0,0.0,0,0,2999.9236409537516,2999.962013085747,19.999999149760882,19.999993238252554,2.499999924071565,2.4999996293953046,3.7499978811638703,3.7497909087402364,0.0,0.0,15,4,1391.7021986766404,1646.7587595953694,-2.7563653192500017,5.260938343840091,-0.05551354200555653,0.09911811156949257,0.02744592954351973,-0.015320725596374356,0.0,0.0,4.693265993265993,0.18026936026936027,771.9328321107452,781.5009907467905,11.67231191969983,13.547996581331166,1.0814228145168758,1.0504887102960572,0.9903681249775163,0.854250934312295,0.0,0.0,3.225590297547322,0.48744637433166504,1262.6437996617437,1783.3460824034123,-6.099089873711352,10.883113383246794,0.0,0.0,0.0,0.0,0.0,0.0,4.0,0.0
